instance_id,music_genre
49290,2
81619,8
31979,2
35985,0
25426,0
84260,0
68206,9
66884,5
52631,5
60674,5
87649,1
70756,7
47346,1
39287,5
87753,9
32906,2
30087,0
30505,3
55089,6
20867,3
73550,9
52239,1
51652,4
23449,8
45836,0
38131,5
82682,5
80003,5
36980,3
90243,0
80311,5
64026,2
32643,5
20391,6
86839,3
48611,4
42789,8
73885,9
58626,8
25245,0
74014,1
55223,9
34854,0
64032,2
23354,5
47834,2
89441,7
25270,2
25140,2
54141,1
60098,9
82998,0
42859,7
21126,2
68948,0
33457,1
67512,9
27719,3
24454,0
66502,9
70021,6
34471,5
38277,5
58063,0
73953,6
50166,8
77617,3
74584,6
64885,7
85100,6
60479,5
90775,6
33769,2
88648,6
38739,5
61797,1
51911,5
75608,6
61807,9
39764,7
75514,5
51575,0
30747,1
61357,3
76038,8
47576,3
27313,3
54597,0
49498,3
53264,6
81870,5
36608,7
26177,8
52494,3
61554,9
63948,5
44849,6
85687,9
54409,7
57601,9
81268,5
43054,7
80802,1
35149,7
33670,2
31239,9
30329,4
59328,2
23667,1
56553,7
56144,6
30394,3
40273,6
27821,8
28614,6
69736,1
26548,0
30210,9
42506,5
89761,5
89159,1
52758,2
37964,1
54789,7
79286,0
77111,9
60546,4
84062,6
26875,0
41147,1
26064,9
63911,6
49184,5
62538,9
78646,0
25751,0
90363,3
69138,6
65620,2
35571,0
51091,3
84217,5
41738,0
59160,8
29157,3
35272,2
76625,1
64612,0
21286,3
71406,9
69219,0
49873,4
46965,0
35483,9
32440,0
69250,2
58617,9
80195,0
56201,9
22744,5
75852,1
73344,5
32991,2
70662,6
66343,3
52637,5
76484,4
73605,6
32382,1
20253,1
60099,9
71090,6
24108,5
49121,7
56978,1
79488,0
91690,1
41512,3
68230,7
45645,8
51388,5
86780,6
53825,0
83728,2
86844,2
59343,9
74882,8
73694,3
86690,0
51059,7
56866,7
23301,4
42510,9
68626,3
22484,9
72524,1
41838,8
43664,1
68547,2
65040,9
34556,6
43494,8
70826,0
50338,5
35724,6
78528,9
24120,2
71784,3
48024,0
45354,9
51010,4
26778,1
48884,9
65489,0
55845,9
91461,4
40014,0
83180,6
63200,6
76240,9
52254,8
29070,2
26273,2
37763,2
79407,2
90761,7
71318,8
58463,0
27779,1
39530,9
91164,1
40045,7
71430,9
47398,6
39588,3
77145,6
61463,5
29528,5
27481,3
78215,5
73230,1
28658,3
87598,9
53023,1
65413,3
74735,5
25916,0
37177,2
71969,9
78240,9
69972,7
65466,6
76538,5
83591,1
33623,1
54552,7
39439,6
85239,0
82198,0
45020,2
57487,2
44101,3
61057,3
42705,3
53498,6
31627,1
74370,0
90687,2
53569,9
55680,5
70059,2
52085,1
56955,9
66764,2
52364,0
78994,1
21696,5
86434,8
77082,0
43011,5
25619,9
82190,9
53364,6
31799,1
78792,2
34017,6
25746,2
65482,0
55428,3
52020,9
90355,0
54975,7
88721,4
50843,3
64818,6
90390,9
45555,6
55525,2
65596,1
68833,2
72772,1
24028,9
87804,7
81296,7
64562,4
86961,9
78127,3
27605,6
31722,7
29841,0
26220,0
73263,7
36621,6
91726,9
43563,6
23561,5
77481,6
42357,0
30682,3
62418,3
45592,2
77968,2
65593,8
77508,5
82188,1
37457,7
68007,2
40766,3
86981,7
45479,8
21837,9
88332,5
91444,6
29174,0
78603,9
83853,7
38630,7
30115,7
32640,7
75240,3
34387,2
59565,1
44408,6
28355,9
73820,1
84531,1
22866,3
45341,4
88557,3
48177,7
86614,7
38279,8
26131,6
82181,5
66153,0
26197,5
47531,4
58495,0
51240,0
47267,6
34061,8
70030,1
74391,2
74182,6
77335,1
79766,2
74440,9
75706,5
80544,6
81533,0
37124,5
78129,2
63772,2
32877,9
33259,2
54980,4
53474,8
40918,1
44050,7
47383,9
76150,9
26344,2
47557,6
42743,7
78497,5
51896,3
91429,2
39922,6
31106,2
76400,0
84540,0
25357,3
24879,5
43849,6
85496,9
52814,0
43372,5
68601,0
37079,6
55697,8
39007,1
45556,2
74222,2
53911,6
40352,7
22424,0
83902,3
89840,5
60859,5
32391,3
39461,7
49950,3
55379,0
45648,8
89702,5
82544,3
61302,1
90980,9
20252,1
63570,3
80398,7
84325,5
24634,1
35137,1
85069,0
67853,3
22446,9
46089,1
39420,2
49856,8
85465,3
47293,2
83874,3
26601,5
64427,7
36322,6
89841,8
51809,5
48696,2
49063,2
60064,3
75363,7
62182,5
21965,3
21959,8
83738,9
26428,1
68456,3
42435,8
85847,9
35487,7
28535,7
49502,2
80852,2
27730,0
50329,1
35024,7
43610,7
68819,4
61937,9
89138,4
30148,6
63609,2
41505,4
81397,2
62181,9
37149,6
40136,3
63205,8
56845,9
71389,0
85258,6
90394,0
53793,0
29683,0
47596,6
34302,9
26657,0
31026,4
86913,8
46883,2
34985,0
26858,3
71721,3
45932,6
90410,7
43824,9
42057,9
56636,9
35136,5
36642,2
85637,9
28021,8
67565,9
54112,2
69236,8
23202,3
70288,5
86366,9
31520,9
61269,7
41472,2
71861,5
88987,2
69513,3
86361,1
88639,5
83712,6
65690,0
85589,2
64506,1
31302,2
73946,9
34391,9
23096,9
60864,7
39535,7
87766,6
67914,7
36252,6
26662,7
72497,0
55231,8
73762,6
33060,1
52469,4
28840,6
89100,6
61419,3
52556,0
89000,1
67475,0
33501,9
67547,2
75488,9
65660,0
42356,7
54632,8
64510,0
21000,3
38366,8
60468,6
32369,5
30763,8
48295,6
84910,7
31970,5
51492,6
82136,8
25116,0
49279,7
65188,7
84023,0
46904,1
56045,2
27493,1
32722,6
72584,0
83367,4
33905,2
51145,5
30540,5
32923,9
52484,7
80182,1
41899,0
83609,2
57771,6
73858,9
66645,6
28074,1
50420,0
49718,2
32683,0
41826,9
48168,2
50882,4
64503,0
30670,9
38227,0
57087,2
62424,0
25016,2
47295,6
77022,2
64345,1
90374,7
54208,7
21340,3
65652,3
79725,9
84456,9
37029,7
32892,5
23813,9
53938,9
83353,6
50187,6
52181,9
50564,9
59463,4
66542,5
68316,5
79221,6
44777,1
67029,7
43447,9
58134,8
28771,0
83433,0
71786,0
69979,5
68725,5
58718,9
41979,0
31593,9
86016,9
47280,2
36686,3
62508,2
35054,0
87716,2
70644,5
43591,6
40608,4
47603,2
32290,7
77289,7
32706,1
30136,5
87496,4
88857,9
30985,0
65915,2
90365,6
29019,0
26149,8
62071,3
61296,0
48967,4
50797,6
59968,0
70336,5
22033,3
52065,8
69560,1
81849,0
36555,2
56515,8
20527,7
24871,0
90474,9
79075,9
71368,0
22791,9
64378,9
65476,0
72068,3
25429,3
68676,8
91747,6
89499,5
41062,0
36561,2
66122,1
76693,3
27625,9
62260,1
25021,9
53643,7
20450,9
29368,8
67671,6
67092,2
80618,2
22097,2
91462,6
24923,9
86000,1
70069,0
71107,7
30757,4
56400,7
59615,2
75874,1
51746,9
27696,2
34810,7
23788,6
64521,8
24767,3
29242,5
58366,3
77924,4
29377,3
28806,5
90764,0
76107,5
89786,0
84470,8
34904,9
57319,6
46660,6
62500,2
47649,2
83477,5
69177,6
71225,3
55391,7
22807,9
36605,5
85570,9
77339,0
41464,9
70225,2
24263,2
83340,5
76503,5
65146,7
26932,6
54718,6
37759,8
42332,0
82318,3
38336,3
71301,7
62648,7
63618,3
91741,3
52534,8
80052,5
67741,9
26702,0
42494,2
39861,2
89201,3
70085,8
82628,2
23920,6
63159,8
78345,9
32316,5
79441,9
35805,0
86451,4
29292,1
67331,9
63180,5
74986,7
71794,9
20494,9
28770,9
29671,3
21624,3
41912,5
79727,8
45337,8
47836,2
76253,5
82195,9
39908,5
76291,7
46703,3
90996,9
91525,3
72334,3
24554,3
87065,2
31905,5
54151,2
62519,1
61135,9
58821,3
72073,3
79708,6
30773,6
25087,8
34304,0
27542,2
21806,6
76139,3
54124,5
32141,0
91691,7
87853,5
78713,5
81074,2
23766,6
31474,5
31289,7
66665,2
70427,9
80870,3
44839,6
58486,7
51625,2
30198,9
37067,1
86214,5
24274,2
81382,3
38029,5
88763,3
37863,5
45377,2
43685,2
75313,2
46539,3
37690,8
32225,3
55325,9
59014,7
24130,7
61691,9
44257,6
79088,1
83677,7
40065,9
69025,0
41685,2
34808,9
87340,9
26406,5
51725,7
47210,5
82487,1
45455,3
47751,1
53104,5
71838,9
54884,2
55961,1
28232,9
49055,8
50977,5
48768,7
26833,0
58973,6
84133,2
63091,2
80379,9
38316,6
71529,5
32758,1
63312,1
29438,9
71309,9
53604,6
25567,7
35244,0
45707,9
53711,9
48325,0
59663,6
45034,2
39967,0
84128,5
29402,7
61801,0
49666,2
44636,4
45113,9
37629,6
34604,7
88736,1
32926,0
52023,5
39173,0
57304,3
53760,9
77861,2
25633,7
70496,0
83516,4
32086,8
64294,5
44027,9
26779,9
34966,6
55051,8
39233,5
83890,9
31982,3
21727,0
41501,0
45300,6
33127,8
33439,2
38598,7
61194,8
47465,1
42960,2
64683,1
35966,7
50197,7
38228,2
68298,3
38022,9
39409,7
79803,2
34943,0
32082,0
27870,3
47780,9
88273,1
79043,7
77723,0
40147,9
22971,5
54798,2
41800,1
26793,3
57247,3
49012,1
22396,9
37419,4
29357,7
69131,6
86199,1
60718,6
82490,2
72554,2
33965,9
84113,5
66326,3
87921,1
34686,9
46663,4
37637,3
66800,8
51603,6
68854,2
47912,0
30530,1
80561,8
51580,0
49671,8
36501,2
51724,7
88044,3
24160,8
66753,0
53446,0
37446,2
26838,6
30001,2
59111,6
82946,7
37068,5
25108,8
62803,6
34075,5
29679,3
28566,3
30828,2
52548,0
76979,8
85373,7
82610,5
56080,5
78625,6
77505,5
44034,7
77132,2
83636,2
50092,6
89564,6
86423,4
37645,5
34681,9
66410,8
20595,6
86330,2
40697,8
39283,1
31201,7
27465,0
63044,6
28859,3
68222,6
21890,5
23302,7
56770,0
76164,0
85174,2
91705,2
54000,9
34731,3
53764,1
30861,6
55514,2
64723,1
29436,9
76701,2
62255,1
25962,1
49365,0
39664,3
65138,0
24266,0
88446,6
71720,8
62621,2
39082,7
25399,8
55356,2
82288,2
36108,5
45401,8
61623,7
86047,9
36250,2
69507,6
25680,1
30112,3
34496,4
57554,0
40485,0
45312,0
68471,0
59472,0
57763,8
47107,9
74293,5
55374,3
70179,6
28636,8
54735,7
89311,7
83157,6
71119,2
90503,9
41543,3
59127,1
79967,2
81314,6
85926,1
68810,7
74339,5
74898,6
48230,3
38069,2
45586,5
32051,4
62834,0
55171,4
82856,9
56981,2
76654,6
39642,1
57599,6
20164,7
82885,8
61080,8
74227,2
35823,0
25894,8
71154,5
42805,3
65239,3
26391,1
44481,9
28640,5
57941,0
90386,0
42810,0
65717,0
21045,1
25146,1
56304,0
65951,2
54447,9
30679,9
61740,2
60252,2
77710,8
78763,4
20265,5
69492,3
69398,9
31715,6
62958,2
60578,3
88096,5
85914,7
67391,3
41181,1
20820,3
50064,9
66711,1
71452,6
73026,6
81430,0
34121,8
48524,7
20753,6
83429,9
55150,7
59008,0
86485,5
83897,6
62842,9
81104,1
27937,2
59567,2
27900,6
34761,9
56024,9
78122,9
52326,3
87744,6
47137,3
23692,6
61626,0
43188,5
42773,2
70704,2
31806,7
56903,8
33454,2
53019,6
27753,9
81548,7
64400,6
29981,0
76058,8
54567,9
63190,9
41085,2
68161,8
44216,2
82075,3
73693,2
60481,0
31641,1
67683,2
58392,7
59149,6
68668,2
52690,1
53126,3
59647,3
76078,6
90564,2
82485,0
22059,3
68283,9
62801,5
86518,2
69407,1
85087,5
88405,0
79701,9
31855,7
79923,5
42238,8
67406,5
68655,9
60006,8
50381,4
47260,2
74311,0
74042,7
54424,2
85561,0
54796,7
50587,5
72389,0
39139,8
36975,9
61373,2
53527,9
27973,2
81937,2
36160,1
29469,0
75458,6
62896,8
88245,7
48918,7
63805,3
83099,9
87053,5
43373,5
27769,0
45598,7
54964,3
66451,5
74305,2
86381,7
88290,7
34315,9
32491,8
47554,9
78483,9
72731,5
63452,7
53568,6
82915,6
22590,9
42676,2
38262,1
59459,6
86757,6
31963,5
81700,5
23280,9
25768,2
62406,3
27798,6
36482,9
38748,9
56114,8
73054,1
22474,0
84596,1
51400,7
31871,8
76153,8
46952,8
40516,3
52441,2
77684,2
80533,0
82498,5
62913,8
28376,3
20847,3
70512,1
31920,2
23248,7
67262,0
63402,0
74553,9
50795,1
86601,9
55062,9
36727,7
66648,9
84790,0
57558,9
35499,4
49441,6
65702,0
33847,5
52902,8
82980,4
45594,3
39890,0
32641,1
76535,9
85540,0
88689,2
29591,0
66383,8
29020,4
60555,9
75294,6
60056,7
34352,0
68968,7
90427,9
63307,0
54703,1
90963,8
24206,2
39604,0
90615,5
58225,2
70510,4
54402,0
43791,3
77890,9
78359,9
51414,9
77301,7
45876,2
88075,7
40557,9
49327,9
42884,1
77619,5
28473,6
56588,3
24027,7
20082,5
71417,5
42185,3
45191,1
47412,0
55581,9
69710,4
26369,1
87670,0
55461,9
39591,3
81083,2
70639,1
35477,2
81091,7
41156,6
72374,2
48137,5
80378,4
41304,7
88442,9
67145,6
47873,2
71411,6
68247,3
52064,1
67569,0
80776,1
23988,6
56177,8
81851,9
24622,6
45794,0
88275,6
53486,7
23117,6
77675,9
86581,5
40847,9
45450,6
70334,2
38241,4
38225,3
80369,9
86234,3
55483,6
74820,5
20347,7
21635,7
27781,3
82154,6
23633,9
33629,9
84743,3
28480,5
62195,9
85320,5
50411,0
39228,8
74720,5
52350,6
75744,0
46998,9
40806,2
42246,0
45605,7
56050,6
48300,2
61769,5
47026,3
69128,9
76168,2
88241,6
39761,8
50444,6
44496,9
58618,0
28063,0
90052,7
20734,8
59847,4
76003,1
30157,9
33062,6
31731,0
38382,7
83646,4
71497,5
51069,7
61291,8
82768,5
38920,0
45753,9
52174,2
28233,5
28167,0
59694,3
50768,0
50888,1
89636,0
87942,6
63812,3
63822,5
52907,0
46132,0
57998,6
64250,1
52578,2
51365,2
68034,5
40231,8
62822,1
74431,2
62262,3
25580,6
31453,0
36592,1
56067,4
30365,7
52421,7
71979,7
20954,5
87100,0
39340,4
40985,2
64360,0
75997,0
28024,9
54893,0
25213,9
36083,9
45179,8
91680,4
38391,7
84222,2
68388,3
39981,7
81674,7
35256,8
39512,8
43632,8
22693,9
71766,9
53818,2
75098,6
89373,0
87595,7
86742,7
64184,8
71487,2
51775,4
88390,1
44337,3
74813,2
22727,2
79525,0
31531,5
74801,3
73136,0
43719,3
50991,9
59058,1
25410,2
45696,2
67110,7
22035,9
90260,2
82861,5
46465,3
44728,6
25548,7
71527,7
67608,1
73506,0
57229,0
50636,1
51065,9
32315,2
29369,1
70465,1
56041,9
25474,8
50613,6
43257,7
54168,2
63840,1
41936,8
53441,2
76373,0
23652,1
61880,8
37998,4
81903,5
85225,8
52600,3
27934,3
57507,0
55350,3
25941,1
69955,2
50997,0
59574,9
47355,0
77212,4
62992,6
38025,3
85454,4
78295,0
23820,8
46029,6
54517,0
50336,5
78913,7
26765,1
53328,8
73290,0
52614,2
67682,6
83498,5
82989,7
34589,6
47851,2
64955,1
35917,5
31517,1
33357,0
81036,7
51837,5
42862,0
22028,5
21997,1
37268,2
63800,9
62970,0
74091,5
73019,1
21810,5
25079,5
36874,5
67121,3
42815,2
62999,5
47427,0
44110,5
84130,6
62786,8
81324,9
35377,3
41265,7
63041,7
39028,1
34498,8
39668,7
33541,3
32559,3
87737,3
44803,2
56422,2
45618,2
84484,9
43197,6
28952,1
55332,5
64070,7
35751,3
30490,0
67175,2
68016,5
55364,6
29622,0
28215,5
41801,0
27199,6
80108,2
58010,2
58766,5
20764,7
79032,9
22530,0
29198,9
52366,7
54594,6
33838,9
33349,8
48385,5
66026,0
69193,9
41774,4
72326,8
84068,9
62091,5
34192,5
27214,0
73068,0
64320,1
50831,9
86010,2
53391,6
25545,6
33723,5
37902,4
83162,0
84877,7
35246,0
78242,4
80180,5
63222,1
30615,6
34687,4
27984,7
51620,2
46624,9
22804,9
22427,3
61624,3
87078,2
61211,6
72264,0
69452,2
88799,8
57265,0
67658,9
70333,9
51522,9
63182,5
50417,3
35063,8
83629,1
44737,9
73526,1
55060,3
67186,2
28171,2
49476,3
66116,0
70631,2
27593,0
73213,2
36416,0
72067,7
73368,4
42589,9
86773,6
75072,2
44238,9
31921,5
69901,0
54658,9
62293,9
41488,9
82345,0
82102,0
47749,9
83888,6
61458,0
63549,3
61249,7
73346,0
37757,5
85128,5
71058,9
76385,8
25164,0
22541,8
40456,9
22069,2
40444,9
57182,3
59889,6
77186,5
86790,0
21821,6
39589,6
48565,9
87918,3
73081,9
90930,4
47001,5
83718,0
70913,6
50145,3
38242,9
39336,7
91019,4
26033,0
79532,2
90071,5
74948,0
54923,1
46490,5
43515,6
78556,0
34031,2
51112,9
67742,7
40142,6
26835,7
58573,9
20676,5
79885,9
85987,6
73692,7
83035,0
23680,1
74498,8
48525,2
31621,8
81448,0
62070,1
72914,2
88963,6
55830,2
52074,3
48014,1
66514,2
49282,4
63639,3
68602,6
34199,1
63786,0
36688,0
26684,8
38374,1
54263,9
59129,2
33781,7
31686,0
49442,8
76669,9
38990,7
34233,1
28652,9
82552,3
71791,6
89545,9
21367,4
31955,0
59724,8
41003,2
88595,0
43606,9
46197,9
90645,7
53203,9
25815,7
52334,8
48283,2
66296,2
32520,7
77454,8
20545,1
64943,8
59841,9
61038,4
49534,3
45840,3
89854,4
51954,2
53292,7
75193,0
25858,1
24957,0
52634,4
62738,5
71852,9
77092,7
42703,9
49366,9
69691,3
64396,9
78370,5
65354,2
78299,3
50547,0
46944,0
51946,9
68875,3
42974,5
43735,2
33374,0
65792,8
59498,3
84753,3
91540,2
89682,9
39020,1
64720,0
30367,2
41638,0
27149,4
47857,2
67603,1
48811,9
73223,9
65902,7
46882,7
42272,4
73134,9
79853,9
22917,0
60373,2
30022,3
71338,7
37790,7
72231,7
67422,6
48119,7
69408,8
90494,8
74501,9
84588,7
60854,0
55480,7
50462,7
69114,1
78094,4
31876,6
36011,4
33239,6
80364,9
48686,3
78048,0
57905,6
90094,0
87551,0
66680,8
56540,0
88334,6
51689,9
83703,3
84479,9
83403,8
69772,2
67235,5
27510,5
38211,2
81367,7
47977,0
73516,4
49091,3
29047,6
34809,5
88941,9
44376,9
36879,9
57628,2
73116,7
75942,2
54216,9
50650,5
46689,0
75749,8
53478,5
48931,3
23457,6
39622,1
53143,2
50293,9
32858,9
44406,7
81673,5
45400,6
66321,3
85855,3
57464,3
54041,0
88491,9
30439,7
40681,4
36875,8
53402,1
71889,6
64815,5
83248,2
56741,7
78673,7
89339,3
83025,1
26843,9
78168,5
39805,8
68976,8
84201,5
83551,0
43679,5
34503,7
26922,5
21293,4
63484,1
77790,4
37368,5
86256,7
51370,7
67167,2
70629,4
32827,2
57471,9
48629,9
45488,0
86918,9
40871,3
65557,0
28910,9
35062,8
91070,2
52010,8
44556,9
44579,5
66558,5
77897,1
52563,9
20792,2
74511,2
79557,7
73035,3
38863,0
47957,7
47194,7
72504,9
41908,5
82561,5
56619,1
36022,0
23070,5
50840,6
67937,2
42516,3
54375,1
78606,0
86379,4
70190,8
81174,3
85818,2
72119,6
86115,0
31638,6
66583,5
84849,3
90530,6
74282,6
83362,7
32119,0
39675,3
84676,8
80341,0
84852,9
90380,3
90607,2
52400,7
23173,3
58564,5
79819,9
53950,6
82627,6
60029,4
31100,0
81247,5
77194,9
85744,9
67571,7
49694,9
77734,0
54802,3
29865,0
56859,2
48156,3
63342,1
21561,9
91112,8
49303,7
23357,2
27594,0
60867,6
34754,3
78508,6
70478,5
91283,3
42312,9
64036,6
61005,3
28923,2
48810,3
23517,4
47935,9
90587,6
66049,3
89567,3
47560,5
82900,9
46496,8
29743,7
83774,5
26507,0
49895,7
82083,5
76649,2
78953,8
40487,6
73829,5
59213,0
74180,2
22026,9
65943,0
42931,3
59927,4
66747,9
76502,7
21580,0
87637,9
41883,6
60194,6
36587,7
36028,4
90413,5
30721,8
58646,0
40175,9
48521,9
66215,5
84916,7
62087,2
78041,9
62062,2
39090,3
69611,3
45017,2
34027,5
81434,9
49972,6
59632,0
84137,6
85206,7
43163,6
21918,9
75989,2
62209,2
37565,0
48165,0
24396,8
34840,5
71453,7
51493,2
36876,9
91539,0
35530,5
82456,2
61546,2
81987,8
69130,1
67118,8
21382,5
73883,0
23118,9
71347,5
40181,9
59940,3
43424,7
73177,9
38757,7
28089,2
25036,8
29820,7
49287,5
24164,7
29476,1
83036,0
63575,8
27073,2
68305,9
91043,5
58436,5
50700,9
80705,9
49315,0
33676,9
55872,5
43146,6
88186,9
59796,8
53470,0
25834,0
39387,3
20535,6
52823,1
32810,6
38606,3
53864,4
62250,5
71603,1
64705,0
37647,9
46876,1
64841,6
26133,0
58841,6
49076,5
62746,3
74158,9
86265,0
67076,5
31082,5
67535,5
27603,9
21205,1
20061,0
57537,6
23124,5
78975,6
77107,0
79612,9
25181,0
75014,7
66799,8
34383,2
37965,0
76040,9
77450,9
68988,0
76409,7
71941,3
49620,0
81671,2
39412,3
47188,2
79366,1
55469,1
46054,8
68041,1
60749,2
68638,0
29748,0
87339,6
68027,9
73296,1
58054,2
83740,5
67838,2
61207,4
20270,9
37400,5
31488,5
23745,0
44159,6
31388,5
36681,5
53028,8
90968,3
91648,9
71351,0
23682,7
72132,0
60068,6
39836,0
64246,9
37363,0
24132,3
89509,9
62712,4
56740,3
79173,6
87381,5
71075,9
53576,3
90726,9
28547,2
57851,8
28844,9
80031,9
56378,6
21647,5
90856,0
56832,6
64058,1
66268,2
32686,7
71801,2
56709,8
83194,5
43521,7
46227,8
89912,7
47302,2
71795,6
63050,6
89716,5
36618,6
30390,6
20492,9
39645,5
52552,5
74869,0
61118,3
77197,2
63966,7
63438,9
33780,0
79928,2
58118,8
66244,5
53479,6
31010,6
89721,6
45070,1
74240,7
42768,2
74537,1
69879,6
57737,5
77961,5
38303,0
35513,3
43589,9
48776,6
47555,5
82460,7
57889,9
36664,6
82659,0
81809,3
35121,2
30690,2
59442,0
57336,7
42472,8
24699,1
61899,0
34590,9
65054,9
24659,9
80155,0
63099,2
79571,5
52667,1
89333,5
56228,2
87312,8
88717,9
62655,7
59412,6
68870,0
31808,9
25102,6
85768,7
59855,4
55357,5
50335,2
37075,8
89815,3
82323,0
34067,2
26836,7
80796,8
76414,3
64418,9
66914,7
25054,5
77914,7
64099,2
49497,0
69505,0
22739,2
79035,8
63743,8
60566,5
33773,5
36381,9
46258,0
89256,2
34096,7
58025,2
66456,3
45256,2
78825,5
67616,5
22173,7
30687,5
25173,1
56454,1
88473,5
86111,5
21701,2
52880,9
69332,9
86808,6
49606,6
58641,5
29421,1
61823,5
44901,7
85774,9
27774,5
20103,5
40999,1
31110,0
70648,4
38253,7
48904,0
42512,6
71333,6
91122,7
70516,2
80196,0
81929,3
82164,2
38288,0
32174,4
91422,7
21240,9
29813,7
53909,6
33398,7
64905,5
51271,6
72449,0
85023,2
78032,7
31859,3
66689,7
64497,3
24578,2
40555,3
87098,2
69864,1
87568,1
75191,2
67429,2
23772,2
38034,6
21812,8
25154,5
74178,7
49114,9
43963,7
50604,0
88417,2
36495,3
88180,2
50492,9
56141,9
69079,9
44395,5
86689,7
46481,6
37004,7
83565,4
28454,8
52850,7
62482,1
87810,3
79283,2
87470,0
36460,9
22334,0
82060,4
62185,6
88819,0
63371,5
75974,9
28536,0
49969,9
83734,2
76289,7
87066,5
59041,6
34680,0
39614,9
64175,9
33084,6
70917,2
62747,3
77349,8
68645,0
59924,3
47724,5
52433,9
45508,3
49368,0
45200,7
67584,1
37158,9
26748,0
74104,0
83546,6
91638,9
88489,1
58414,3
20721,7
32655,5
24075,0
52670,5
52072,1
21300,9
87362,3
57555,0
41403,5
60724,6
71222,8
27083,3
21214,2
45950,5
57332,0
80722,9
38534,6
43547,0
80538,5
75106,9
41241,1
23266,4
24597,7
46992,5
61962,9
33530,0
20609,4
63702,6
50863,6
66963,0
77586,8
49783,6
24249,3
49004,1
67307,7
26652,7
29916,8
27902,5
51082,5
59466,2
75606,8
82986,5
52737,7
40239,0
86902,5
33585,9
37775,1
82669,0
41900,6
33931,8
68168,5
30362,7
86336,5
87840,0
56585,6
58288,3
20505,5
54766,8
47029,6
86594,4
20786,1
87537,6
39608,2
52166,4
35208,2
21466,6
63195,2
87454,2
77921,5
65824,9
76959,1
83029,5
82182,2
34334,5
58088,2
39752,0
49136,1
68194,1
74309,7
90954,5
35862,3
31046,7
56465,7
90152,7
59644,6
81848,4
29601,7
31514,6
88897,8
24481,9
46973,2
60161,5
64615,1
53222,6
65192,0
24451,5
85402,9
30596,1
60899,5
20204,0
41976,9
41316,5
37328,1
75341,0
46513,1
43302,6
78728,2
35971,5
90252,0
28530,9
66482,2
36437,5
80716,8
82581,9
63777,4
61421,6
49272,3
54363,9
37761,2
22553,5
49982,2
90217,1
30947,2
25188,2
84652,6
85734,9
54346,9
44142,7
37112,2
56476,2
54547,0
36643,2
84742,2
58292,1
47734,2
84690,4
82894,5
41724,4
56781,0
80701,8
28868,6
43005,8
50655,0
21922,6
58459,7
21178,8
82534,6
26054,0
54480,2
31926,0
38565,5
90682,6
85358,0
60116,4
72530,1
89916,8
39156,9
70267,0
37718,7
38771,0
48226,0
37273,1
68311,1
85531,1
40104,0
26153,6
55529,9
52746,2
71013,1
59249,0
50099,7
34726,4
91602,1
61861,3
30964,0
64797,5
33075,9
89976,0
48142,9
51653,3
28524,8
52068,9
40164,8
34585,0
30122,5
41643,1
62088,9
56549,3
32444,3
24999,8
20067,1
31338,2
54444,1
49845,6
28500,7
40937,2
57054,0
55008,0
85434,7
52465,5
62455,2
70900,9
49911,9
71460,9
54108,7
67791,7
39809,2
30668,0
32236,9
28698,1
54132,0
65240,6
63767,7
26351,6
54809,2
32457,2
52997,3
29393,4
81449,9
70307,3
84863,6
87142,5
81233,1
71088,7
69767,9
82500,7
27772,2
88360,6
85765,0
41804,6
55418,7
45310,0
59238,7
65923,5
23933,6
36303,3
31217,9
88364,9
29218,5
50389,7
62580,7
54161,9
69775,6
36668,5
35045,1
58407,5
89949,5
69626,3
24096,3
82846,5
45811,4
50780,6
55507,2
47683,0
41617,0
49828,9
47121,9
80505,5
25198,5
53982,2
83715,2
39810,7
36357,3
63187,3
33685,9
48319,5
67924,5
38505,0
53122,7
61379,2
74133,0
31719,0
57269,0
21949,0
56214,9
39961,3
58457,5
70725,8
26606,4
25864,3
27867,3
41924,5
30435,8
44895,6
46724,5
72599,2
39217,1
84472,5
23462,2
37670,5
82244,0
45071,3
43210,6
77979,5
75946,6
42812,9
50930,6
27129,7
20946,0
73798,1
26533,5
57168,2
28871,8
43020,7
65060,8
60431,3
73724,2
63048,3
45659,6
57455,0
30833,4
26274,0
76923,4
52769,7
65038,7
22887,6
62957,7
22166,1
34408,1
49219,9
34022,3
34952,0
46804,2
63046,0
58403,2
73849,2
65914,2
65865,1
56834,5
83077,7
78446,2
44742,0
65344,0
79686,0
80694,9
54528,8
81285,7
40016,1
74582,9
72905,4
26512,7
87763,5
21152,6
55179,9
66154,9
88430,0
79667,3
91712,9
87548,5
84375,3
32887,5
26632,5
70357,7
49042,9
84962,9
90713,9
75664,9
65214,7
21227,5
56715,7
80238,0
36323,6
62269,9
59162,8
32691,6
54991,5
24697,5
79475,7
82276,2
21618,1
35255,9
51848,1
84565,7
47352,0
23615,7
58351,5
56460,3
23605,2
37742,5
61817,9
84114,6
46712,5
91578,0
36110,4
22547,7
47459,2
59031,9
31179,2
42854,0
48343,6
80172,8
72520,1
48937,0
81510,6
72685,2
32048,3
63701,1
89945,0
52799,5
46422,9
81572,9
71470,9
68895,9
56713,7
56840,2
33521,0
28272,0
58058,9
61808,2
61459,2
32414,0
38794,6
58786,2
73764,0
64269,5
40068,8
45615,0
31850,2
27963,3
49278,3
58267,6
77906,3
35975,2
43191,9
78705,7
58390,6
39031,1
80491,0
47338,9
59419,7
48002,6
67974,9
81593,8
74505,9
45275,1
56600,1
64076,0
89116,6
28031,5
36191,5
51953,2
90171,6
71063,9
58807,7
91280,7
25259,4
53145,0
46528,0
76193,3
72439,9
48178,0
75466,6
62501,9
62854,0
62886,3
20848,1
81826,8
64316,3
88013,5
62326,0
65079,6
75831,8
24192,7
67805,9
39261,7
76711,9
74804,0
83321,9
64602,2
26366,5
47588,1
21275,1
83156,3
86399,9
66776,9
87079,0
67777,5
42463,6
59862,0
43923,9
25873,1
65314,5
67894,7
53719,8
45846,9
56568,5
30795,6
39441,1
62916,6
49443,0
46394,4
32183,0
66142,1
33881,9
34492,2
30992,9
28649,8
22651,5
30093,0
53338,5
80617,1
81167,1
20804,7
87689,5
31092,5
90339,1
30446,6
44404,4
49317,2
59595,5
84129,3
42056,1
69326,9
66238,4
56094,2
22025,3
39302,7
62637,9
63431,5
83360,2
55557,5
37765,6
57051,7
37591,5
29877,7
75842,0
39227,3
77381,4
52268,5
35486,1
85105,9
26668,9
71130,2
26267,3
65385,2
25485,7
62085,5
76494,6
65504,7
47470,0
29443,6
86595,9
55369,6
28313,6
31671,3
23655,0
60851,5
88621,7
45937,9
38827,0
32292,6
54578,9
46071,5
63537,2
89600,2
76361,3
29858,6
83796,7
52225,7
45590,0
40514,0
39170,6
31471,0
20230,7
53733,8
79943,9
69649,2
29723,0
81365,5
20757,9
59798,5
23101,5
51713,9
61068,7
71863,3
77176,1
64935,8
72892,8
60794,7
57582,7
80866,9
71123,3
55661,1
83356,7
27289,2
81874,2
31459,2
69730,0
24336,9
51831,9
37299,0
46652,5
28580,9
83324,8
33156,1
70075,7
72547,5
76618,1
49045,3
22402,9
42387,0
86486,3
76006,6
49585,9
33097,1
37120,8
56889,6
43115,2
91576,2
81837,6
74912,5
90509,6
41339,4
72962,6
25519,6
78346,5
58191,4
63433,2
36054,7
60485,6
78793,6
21056,0
74783,2
63612,7
42219,7
20641,2
90601,6
23074,6
69278,2
52073,2
28676,0
72257,2
52213,2
36320,9
33682,0
28274,7
67827,7
85292,1
69287,7
68439,0
74651,8
59902,6
29282,5
81785,0
46713,5
55366,4
55411,2
75187,0
52664,2
84200,5
70212,9
28106,6
30017,6
37753,1
80536,2
55619,8
46280,5
74118,0
26042,2
73178,9
78565,5
66134,6
63766,6
87833,1
70649,8
68814,7
36731,7
20723,8
88070,0
52763,1
48440,9
40263,9
29051,2
28038,7
21871,9
29255,3
49522,0
83491,1
61948,3
21299,6
22079,2
71334,0
30165,0
21078,6
75389,6
57300,0
30455,1
90497,3
80324,9
44881,4
70419,1
90571,0
61247,0
79625,6
63900,1
57569,8
77798,5
33526,9
40394,2
46838,6
77200,6
57893,1
68718,5
40349,9
21813,0
44600,9
83935,2
46442,5
55875,6
58314,1
21620,1
26420,1
35784,5
74829,0
22489,9
84926,1
77164,2
90485,6
79167,7
78627,5
22538,0
38642,8
24977,6
46097,5
50818,2
24465,6
60415,8
35785,0
50793,1
22027,9
29755,3
33613,6
44480,2
65436,6
53592,7
27443,8
85480,7
74892,7
53186,3
62782,2
76282,2
44198,1
75180,3
29620,0
88813,6
21853,2
29301,0
72380,9
85799,3
64997,9
69035,7
82158,0
74410,2
56172,7
25185,9
32673,2
69811,4
40644,2
67366,0
48078,6
57610,6
72735,2
81814,4
77054,2
22391,9
51255,1
50855,6
32934,5
37511,8
62671,2
88081,5
83221,3
55865,6
66467,6
76371,3
61865,5
83894,0
23909,8
80216,6
39868,5
74674,6
66546,3
37333,5
22295,5
34117,7
64059,6
88058,9
84437,5
84340,2
75929,6
75666,5
38287,7
31039,6
72299,1
83543,9
40718,7
89078,1
71508,6
61284,8
53807,9
40443,7
57786,9
84969,7
31630,9
91356,8
86031,2
25805,6
38712,4
41070,4
77616,1
27039,8
32432,6
80680,1
88982,9
24089,2
66287,4
38256,5
50837,6
46877,0
49342,2
25093,0
23373,3
33091,0
74079,0
63631,1
24008,3
52994,1
41116,3
52820,3
30230,7
83849,0
64646,8
87386,7
57037,5
51869,8
39911,7
76077,3
55279,0
45005,0
41964,2
75096,8
54435,5
84206,1
86710,8
60836,1
88065,7
82862,7
27758,6
27720,9
26434,2
63119,0
83267,9
60932,3
76179,5
80354,1
20135,7
52272,2
24244,3
58770,0
57013,2
49145,9
32200,9
71845,7
84583,5
50278,7
51203,5
82591,2
75323,6
47021,2
61016,1
50356,7
87434,3
30993,6
56824,7
75303,7
89467,6
28602,3
65353,5
25551,6
47018,2
66259,2
64803,1
81300,3
89907,4
48664,1
69639,5
90696,2
64654,9
83404,9
79384,7
87251,3
91368,2
53175,2
46886,2
62510,2
23135,0
75603,7
70711,7
57927,9
63620,9
89043,0
71809,7
61387,1
33789,6
40347,2
36698,9
77389,1
84592,2
63360,0
82118,3
90924,5
23155,1
43609,2
88428,5
86139,1
83178,5
81940,4
65415,6
64728,5
70736,2
54730,9
63064,7
22596,5
39605,3
44317,1
23026,1
74741,6
47354,1
84972,5
43248,3
29441,2
90002,0
91398,2
30058,0
20208,7
58648,9
36400,9
34880,1
71989,9
56973,7
20056,5
46622,9
84934,9
88189,2
84223,1
45262,7
78366,6
90223,5
25137,0
77319,1
75812,9
53641,6
86667,5
49242,7
31448,5
35707,4
68253,2
38442,3
58203,9
25462,2
66622,0
78939,7
39971,4
38274,7
54956,0
79372,1
53934,5
63025,4
60766,1
84362,0
34629,5
45247,3
85004,7
25919,8
80799,8
76938,6
23598,1
30203,5
40134,7
32863,2
65587,0
45513,7
90464,4
48547,1
53432,8
75569,9
70990,2
61466,8
63849,2
63514,1
65675,9
59184,2
42953,8
56017,3
64397,1
57680,0
60848,6
64567,7
89693,7
64254,9
59452,2
47112,3
38779,6
30011,8
91481,2
78090,6
24258,5
43450,1
58755,0
32919,5
60002,0
42121,3
78439,7
45373,9
49386,3
44583,2
72379,7
26087,2
77602,3
55949,3
52187,9
41581,9
32671,2
78331,9
76114,2
90789,3
36626,7
40765,7
87383,2
28697,1
82067,5
88319,7
77262,5
35863,9
43514,6
75713,2
91221,2
81464,7
71092,1
36404,9
27564,5
43131,1
79556,7
61741,1
69156,3
28752,0
50827,3
78694,5
28620,7
39880,1
74304,5
25641,5
55432,6
90155,9
52978,6
81766,5
52947,5
70231,3
56395,7
22129,5
74703,5
74661,2
82374,0
20897,5
28494,5
40261,3
41556,9
79677,3
71499,6
86424,7
35228,9
30432,1
54425,3
84600,2
39377,1
81029,6
39612,3
43098,7
38806,6
48370,0
52862,2
55174,6
22969,3
80807,2
90606,6
74170,0
75456,3
91241,2
47221,7
20583,5
52568,2
57474,2
73667,3
50399,2
50232,0
76012,2
51267,2
39647,2
20885,5
84515,6
22231,2
67638,1
76597,9
25921,1
72499,3
88156,5
72158,9
28619,6
86999,8
69046,0
63884,1
25690,7
39710,3
47364,8
73756,7
88989,8
40512,0
35503,0
75894,8
39006,0
53749,0
54583,9
31527,7
40274,1
91073,6
86569,2
77061,5
68748,2
77729,5
56790,8
73359,0
61180,2
28601,9
31017,9
77915,5
49986,6
36087,0
61256,8
59603,6
72532,3
30840,0
82273,5
65472,8
56826,2
77396,3
41239,0
72975,2
87045,3
66763,9
62223,9
62408,9
55040,0
62441,5
82527,8
31192,2
58485,2
80176,4
53978,6
29258,6
41776,5
26613,9
57473,0
81921,4
46773,5
48757,8
57341,9
27765,3
36510,5
25590,7
54030,9
65577,5
24888,9
47440,5
84983,4
44603,4
36509,3
90133,7
66204,7
65201,9
45129,4
88262,7
76506,5
85259,0
79901,8
88816,1
22511,1
55602,6
37090,7
35945,1
20739,2
62602,2
73529,0
49948,9
86539,3
90832,5
83971,3
46049,0
20824,8
66652,0
68017,1
39321,1
44818,5
43268,6
45124,1
57668,9
63074,6
83382,2
64732,0
62375,5
22323,9
84259,5
39881,0
47252,5
73413,6
78962,8
66260,9
81734,5
79369,5
26375,9
62902,3
32824,6
63564,6
91526,1
89268,9
32124,6
42277,1
27028,0
25563,0
81680,9
47891,5
86627,1
47496,7
69923,7
33426,0
40965,4
39106,6
75669,5
31597,8
77978,8
53205,8
41788,5
89377,4
58490,6
55318,0
29163,8
59523,0
44304,0
27601,6
31328,1
84883,9
79755,9
59108,1
64834,0
48056,7
71270,1
45916,2
68600,0
72212,9
72645,2
81733,0
70613,5
89481,4
91041,3
23880,0
38044,7
49906,0
87438,6
47966,4
72022,1
26271,0
67797,0
70531,1
55866,8
59098,5
88748,5
77426,5
61397,9
91449,5
36652,6
32004,3
82172,2
58018,1
27842,0
83236,5
70013,1
44384,3
81883,6
35893,2
28310,9
52544,7
64687,9
60372,2
42897,8
28464,3
79303,9
44036,9
73722,9
36072,1
76442,6
68804,9
69459,3
40572,0
72878,8
66608,9
47056,0
73233,3
86799,0
38846,5
47929,9
24608,6
23064,9
58381,3
71802,8
32089,1
55442,6
79490,2
66395,1
38302,2
68437,7
48750,2
57262,2
64711,4
75021,0
74171,5
28538,2
20127,0
83841,1
82922,6
51165,5
87207,0
84730,5
38918,2
58123,5
66571,5
45713,1
82024,1
39451,1
50948,0
22876,5
24491,9
88719,7
39955,5
34677,1
65671,2
23833,0
41679,0
85606,5
77912,7
69946,1
47064,9
24576,8
65141,5
77352,9
80501,0
61077,5
23394,3
40292,3
37949,8
23286,0
50511,8
84276,0
40792,3
30823,8
88830,0
50296,8
21208,9
81647,5
35600,0
34567,0
79575,2
57632,5
67735,5
50014,1
87378,7
66286,2
78958,8
43352,5
59803,1
83197,4
33303,8
39272,5
24478,5
69180,5
50985,3
75892,7
82942,3
63208,0
48435,8
34721,7
23630,9
51106,7
58166,2
59458,7
67557,8
54025,8
20899,0
44528,6
36075,6
66028,0
87643,2
57888,0
52913,0
33030,6
64240,7
85348,4
22810,1
30899,2
35809,2
55301,5
20360,4
39852,5
75099,5
26343,2
63801,4
63839,1
24976,1
82787,6
71722,0
79132,2
32014,6
59084,4
76664,0
38236,9
47808,6
91389,4
37078,0
80908,3
24167,1
43761,0
56644,3
47594,3
35098,3
82010,2
21493,1
87012,2
91057,4
63727,0
38764,7
47460,6
51023,6
25200,6
91437,8
72213,0
69228,9
75262,6
70623,5
23675,6
38914,9
60323,3
40002,9
78567,3
25505,5
80840,2
61499,9
40891,1
47190,7
52718,5
54754,2
78474,7
39666,7
37257,9
43194,3
40582,0
82710,7
65296,3
72835,2
65428,9
83580,1
60358,6
41697,6
59984,1
69151,1
70910,0
29209,9
63816,2
44533,0
31489,3
76515,5
49396,5
63423,0
74371,9
90896,5
20534,2
76470,2
60119,9
29817,3
35425,2
89332,1
69941,7
59809,5
88520,0
89211,7
87253,6
58606,9
29312,4
55926,9
36775,2
61697,7
86037,7
58212,1
44157,2
69169,1
65049,7
47261,2
87492,6
61733,5
77009,6
24929,8
40252,8
49757,6
88936,0
42094,7
68789,1
58579,2
46135,7
84658,0
69718,6
57593,4
47144,1
67644,7
34534,0
56340,3
69072,2
30570,4
26822,0
41365,7
31870,5
88008,6
38169,9
42117,8
33104,1
30710,7
80294,0
23999,3
51619,9
32138,9
34268,5
59530,2
49273,2
62053,2
87959,8
46900,9
29248,7
50596,3
26467,0
25664,7
63695,4
76748,8
37227,2
83884,9
76755,3
74074,3
41756,4
85909,3
32687,3
54414,3
38381,7
85576,7
30238,3
69991,6
73101,9
67504,9
87525,9
31042,5
67464,6
77493,4
89166,7
23254,5
44135,8
79076,0
44886,7
25135,9
46512,9
77158,6
55261,9
29097,3
81681,3
26492,5
90674,0
54193,1
83943,0
64215,0
37917,0
52946,9
33002,6
49586,9
89459,1
82760,6
68890,3
69986,5
21507,1
41030,5
36473,8
84750,2
83508,2
75128,5
69174,4
86876,5
29397,4
36918,2
51209,3
87528,6
90985,1
47766,5
38532,5
72053,7
35545,0
65051,9
48742,5
65298,1
64725,5
29522,9
73351,5
81895,4
42513,4
61232,5
44364,0
33863,4
28132,2
29695,0
83039,1
74260,9
91012,7
20112,2
57752,3
28189,9
44545,0
26594,4
59309,2
79520,0
78378,9
62266,0
30829,1
79570,7
55622,7
87108,7
51178,6
81906,1
55587,6
38594,4
21823,2
84315,9
27792,7
35531,0
24611,9
22582,8
67784,5
73357,9
21731,3
75071,6
23288,0
82115,3
49816,5
88863,1
27847,6
32880,6
46518,1
53113,3
29538,9
76184,3
64480,5
57741,2
54819,2
81898,2
71026,9
79267,7
43462,1
31524,5
62561,5
76821,7
30368,9
37548,9
54782,2
66243,5
74842,9
47635,2
45691,9
47944,5
68688,6
61587,2
58544,8
56452,3
37773,5
76915,2
27080,0
68821,5
69690,1
37577,0
30219,0
30427,9
74060,8
42616,9
54990,9
78900,3
50828,3
56053,3
57091,8
84512,1
65636,9
31606,5
29314,2
49854,6
23404,5
59611,0
42657,1
56349,3
36112,4
67519,5
44852,6
48655,7
48996,7
77436,1
59141,2
60853,1
37207,1
42292,3
71808,9
76977,2
22485,9
65822,0
57700,5
62708,6
54768,9
83620,9
76302,2
47449,1
59703,6
81988,9
25428,3
82142,6
38197,9
44754,2
72583,3
45520,1
58635,5
90187,3
54490,0
29580,5
56159,9
63169,3
53544,7
35434,0
56396,7
61277,7
33402,8
83072,6
72527,7
48526,7
40192,3
77954,0
73064,4
86062,6
75552,7
54855,0
22122,9
58803,7
87648,0
27957,1
74808,7
70537,9
81823,1
61639,8
62197,2
78119,2
22481,7
48196,5
58298,2
46729,2
84381,9
50297,2
52521,4
63874,7
86375,5
57436,6
32546,9
43688,3
56813,3
78886,6
61227,9
21756,0
81363,2
49878,7
39454,6
67820,5
59936,3
28745,7
53927,0
32365,3
47403,2
75665,7
41684,0
41262,0
82085,0
49191,5
27404,9
76089,3
76873,4
23062,7
30937,8
80293,3
58289,2
90613,2
35012,0
61285,1
37382,2
86603,6
59977,9
47668,3
25261,0
90064,2
69319,3
79028,3
77103,5
62597,5
64071,1
88482,9
68822,0
66759,9
63154,2
63440,7
26597,1
57219,1
47916,9
34065,2
77783,5
79878,7
67240,0
91245,6
78371,4
57695,8
89974,7
23870,5
35118,0
30123,6
39166,2
37488,0
35014,6
88327,3
36951,6
72903,2
74777,6
29251,3
50494,6
58122,6
50919,1
64525,9
51109,5
55259,0
85185,3
74766,2
71181,2
40603,0
50562,0
78928,6
47629,4
85044,7
27453,3
20433,2
64596,4
68385,2
85134,6
31286,5
54352,1
47707,1
82228,9
44443,2
38633,0
72091,1
72477,3
65228,9
31027,7
81631,7
47527,0
79941,7
73951,1
78423,6
80229,6
59182,9
49529,6
89866,8
84332,0
70933,5
67781,9
71763,3
68754,7
32829,9
81861,0
57551,2
89518,7
66969,3
54927,2
28061,9
56019,1
51827,6
44889,6
59581,0
58401,1
87487,2
42918,0
26851,9
31154,2
25576,6
37190,8
57273,5
79722,9
34486,6
52161,9
83788,2
26459,5
54579,1
71703,9
44734,5
83945,8
66939,5
44174,9
55767,7
64886,2
58168,6
24415,6
23565,6
75915,6
51611,3
47910,9
80100,6
72641,3
25975,7
50004,3
67115,1
20275,5
64179,9
41881,7
63589,0
87258,7
40144,9
43304,0
85396,0
52692,8
24376,1
65815,6
57441,5
25654,7
58066,2
37934,7
77589,9
31442,8
26751,7
85464,1
28891,3
88448,6
41327,5
45363,6
40421,0
39883,6
56887,2
80557,3
37005,8
41852,5
68579,6
86104,8
80062,8
55172,6
57932,7
42134,1
90745,2
83165,3
86436,7
72688,6
35926,0
34717,2
67631,7
77540,5
67341,4
83835,1
46611,6
86782,1
33265,2
49048,7
62764,8
20188,6
45977,7
70136,6
84457,6
55754,9
33472,5
40658,3
26692,2
27364,3
78867,8
40849,1
85217,2
52846,2
20468,8
20532,3
36667,4
49204,2
33662,0
40805,3
42135,3
90044,0
83878,0
68852,1
26577,9
76712,2
45829,0
26001,3
76002,5
45662,1
54844,1
91202,7
60776,9
90817,9
68063,6
40725,1
30799,9
21834,8
54880,1
49763,2
56035,9
70666,4
36747,7
91350,5
47453,4
91074,9
20346,5
80409,5
83385,9
67713,2
32936,1
72706,0
84073,2
36892,6
91266,6
63197,7
23969,2
27398,5
74047,0
65155,3
79517,1
46894,7
43510,3
68733,3
31786,2
67051,3
70054,4
59645,9
37041,0
39806,6
47634,5
76519,1
60017,6
36079,9
68268,5
56087,5
77227,5
42433,7
52810,6
63355,2
29935,5
47964,0
36695,2
39465,8
40241,6
25666,0
61973,1
75047,7
80508,2
68391,6
23459,2
68152,0
23649,9
21385,7
51402,0
65758,0
35535,3
30407,7
91518,6
35804,0
47462,9
72034,1
87981,5
63959,5
38536,9
58209,4
22250,3
28672,3
22373,9
83031,0
55743,2
66329,6
50667,2
46550,0
65759,5
24535,9
67874,2
61030,0
21483,5
55078,7
50115,0
70809,2
89807,9
39951,0
58256,8
34134,2
73508,5
50124,9
31539,7
33659,1
61851,2
61711,7
79565,9
24037,4
85503,8
33509,6
63916,6
68566,7
58784,5
89073,6
75971,8
41596,5
87369,9
72281,2
65661,1
37352,5
67148,7
71129,4
61986,2
65665,9
59501,1
61680,0
63106,6
79437,0
68591,6
37693,6
68428,6
21320,5
21234,4
58008,7
70877,6
71685,2
91446,9
62484,2
70567,0
58571,8
61641,7
34718,7
42399,7
57317,2
40438,0
55716,6
39442,9
56655,8
90043,1
64664,5
64313,2
79330,6
60253,0
56069,6
32313,5
87503,5
23939,9
54556,7
83879,0
82324,5
77550,1
23446,5
60797,4
68103,3
74828,4
30991,7
35639,9
43412,2
51661,3
30912,9
88367,2
25885,7
34799,0
59192,2
47739,9
52379,7
22735,1
43439,0
48720,6
58044,7
87789,1
80803,9
20439,2
65491,9
39009,9
69322,6
31133,5
88244,7
76968,2
47270,5
73730,5
90334,6
56939,1
64353,2
54362,0
40253,4
59893,3
43121,4
43100,5
67562,7
28066,8
77072,7
49008,8
66951,5
38624,1
56692,5
84079,9
43569,3
80829,3
36328,9
76277,2
25709,5
45416,1
32255,8
28744,2
71672,5
45031,9
59672,3
63497,5
69821,1
75502,7
84384,6
60847,7
54353,5
57692,3
55848,2
39777,9
40186,1
44499,0
74632,4
57787,0
41569,0
21931,8
66120,1
48915,5
43262,0
53538,9
91114,0
55353,5
35651,2
68410,9
69795,6
90680,9
28247,7
47884,7
76624,9
80384,7
64245,7
61571,6
45587,7
21911,2
59953,3
49235,0
79764,9
69949,0
54034,6
37213,8
23025,8
44338,8
82146,5
74427,5
78323,6
79247,6
22724,9
23712,9
68726,2
59220,3
80193,0
65955,6
64073,8
34180,9
46765,3
22047,7
72612,1
40219,7
54792,1
23094,7
85745,4
79464,7
58976,7
80636,2
83063,2
86907,3
59621,9
74927,9
23754,8
42347,9
26176,3
77669,5
90234,1
54176,1
81739,3
29104,9
89041,1
26881,9
63667,4
45943,0
79128,0
61570,3
20012,0
75279,5
89469,9
28986,0
68156,0
78844,2
40187,3
58190,8
43326,6
44097,7
52866,1
56879,2
81910,9
53686,7
73571,5
35313,6
51457,8
38542,1
80752,7
50707,1
85633,0
67267,6
38021,8
42588,4
28237,5
75914,0
73721,1
63207,0
83437,2
39505,9
46328,7
60093,8
54652,6
56295,9
50716,1
86013,4
67549,7
87097,3
70585,5
21020,7
70548,7
46173,6
50570,1
84027,5
44653,2
37303,0
62452,3
28691,2
27469,0
72001,9
51083,3
70494,0
50360,2
27408,6
90582,2
84431,5
89110,2
36163,0
26846,6
68261,3
57991,1
55328,9
33726,7
69256,5
34234,2
86516,7
63382,3
23861,0
51648,4
78561,5
83187,5
91310,6
87635,1
60641,8
25260,7
68663,5
91647,0
74795,3
41105,0
71903,5
81237,3
56383,5
82376,0
71210,6
22236,6
50677,6
40601,1
49194,1
80022,0
83760,9
48480,2
32710,7
37507,5
58507,3
83828,0
65122,2
74993,0
35415,0
30727,7
33499,8
26510,5
25370,6
90263,9
47232,4
37322,2
49825,4
81467,0
31503,5
53681,5
78544,0
20906,6
27447,2
85551,0
29064,6
58277,0
47550,7
45285,0
36047,5
20276,5
61796,5
76840,7
45831,8
27135,2
52832,1
62089,2
46250,0
89404,2
56649,3
44122,2
34512,9
39600,8
52603,5
79839,9
89960,1
31102,9
49053,1
53335,7
69328,3
72855,2
60030,7
45867,0
59656,7
85211,2
66882,0
42319,5
41898,6
45795,0
44984,6
20058,5
55517,2
52392,0
33389,9
84188,6
34131,6
47434,6
50714,9
63155,6
54905,7
59664,8
84486,3
31895,1
45835,0
85753,2
44143,5
25488,7
24286,1
56904,1
20883,0
42612,3
63539,7
20110,9
41169,1
60343,1
76160,0
34044,8
79428,9
55498,5
55368,9
63629,2
78033,8
84390,9
80849,0
26732,2
87827,5
90733,9
87538,9
50850,0
45864,2
31278,0
80144,6
48442,5
53588,5
21177,9
89770,7
37945,6
38273,2
65946,1
75988,7
88528,1
34347,0
72349,3
38019,8
35207,2
38358,7
32804,3
41672,3
83661,6
53433,0
64715,6
68401,0
90928,7
73924,0
81346,6
80746,1
26167,9
20174,9
57984,9
45281,2
65076,9
62108,2
74851,9
43684,0
81822,8
80071,1
75784,2
33543,1
48284,0
75716,8
29823,8
67676,0
89673,0
51434,7
38350,0
20183,1
88836,2
57649,5
29826,3
32901,3
44393,2
89498,9
88724,4
27778,5
67594,6
63924,9
42505,9
51480,7
35840,4
49140,5
40524,8
35190,6
42519,4
65712,9
67893,2
72395,0
23053,7
48012,9
63682,9
40565,0
80830,2
65373,2
27065,5
25906,9
87295,7
25201,9
44876,1
33606,7
82825,6
50989,9
68185,1
89022,6
33155,6
37667,6
36198,7
81648,9
20091,5
85839,7
45698,0
72882,9
79688,0
81897,1
60097,1
47568,0
39241,2
60275,9
43921,0
67264,9
67942,0
54479,4
46137,5
76534,3
48136,0
43195,3
33631,7
40021,8
30728,0
85122,9
36096,3
90235,2
68767,2
89368,1
72167,2
63522,0
54935,2
72909,0
46810,2
86460,7
52490,0
56773,4
88563,2
30843,3
44059,4
41368,2
70068,1
23198,5
48317,5
87379,2
88024,6
57444,2
78249,8
51905,7
25880,9
63774,1
25868,5
58987,3
75980,9
66156,1
22686,7
47816,9
74990,0
47513,9
88665,1
28142,8
56562,5
64147,3
53003,9
74008,1
78023,6
41794,4
30797,6
57723,6
22824,1
77971,5
31881,8
85230,6
49005,4
65323,9
78447,0
57416,6
52770,7
48423,0
21830,4
66248,7
31479,3
36020,7
56134,5
66454,6
31486,1
53667,6
73864,6
47299,9
45875,4
27280,6
61721,7
49493,3
86157,3
31433,1
48865,6
88052,0
61599,9
64016,7
66468,8
50746,8
79978,6
61148,4
51227,5
46190,6
33698,8
27734,5
28764,5
32231,1
88066,9
69068,3
71987,1
36114,9
24844,2
28436,2
43955,2
20936,9
74310,0
52776,0
34735,1
48097,4
76663,2
83656,9
73419,1
54821,2
69898,2
79063,6
28044,2
30330,8
40689,7
61607,1
80782,0
20171,0
48497,6
85095,0
56140,9
20477,4
73653,3
74114,6
33927,3
86155,9
52240,3
46164,2
90450,9
83271,6
35604,1
57773,1
64548,3
27917,7
41011,8
39635,2
59569,8
88640,0
87210,9
36816,7
36690,0
72677,2
59529,0
69565,9
77034,8
67472,6
86643,2
58335,7
82446,5
72108,2
48487,7
84796,8
32272,7
21583,7
79140,3
45826,1
39392,1
54357,5
57594,3
85106,9
66405,0
45433,5
28169,1
46526,6
23097,0
65352,0
73491,9
31791,3
29660,5
25607,2
72205,1
27037,0
27955,3
26740,0
60576,7
73984,3
71677,5
33249,5
65315,2
64421,9
52625,1
87058,2
66448,9
78664,8
25271,2
32922,5
76046,7
54614,2
79435,1
58764,2
73515,7
53259,7
46762,7
66996,2
37919,1
67037,0
89624,6
23805,7
70163,2
21272,0
68203,8
57251,7
44483,2
52127,2
60597,3
45392,9
29913,2
68744,4
29003,5
24829,0
69716,1
62784,3
89556,8
58033,5
87345,3
29690,0
74228,2
71691,3
77440,7
58732,5
51105,6
81769,4
39665,7
71135,0
46095,0
76759,0
89416,7
47050,9
70129,9
39824,5
84582,5
49994,2
73422,0
41053,0
38088,3
66524,0
59949,9
68770,2
82593,6
55422,9
39013,0
68418,7
52211,2
61622,0
79196,5
57874,1
71124,4
81989,7
64718,1
78400,6
83705,5
58863,2
57279,8
81127,1
68707,5
63065,0
49344,1
53315,0
33478,3
41820,5
55086,7
64977,0
59410,9
77667,0
88864,8
57669,9
80988,2
31063,7
61536,1
84843,9
57806,4
45351,6
77864,5
87857,0
43866,5
81595,0
33805,3
26037,0
79350,3
65924,7
37846,6
40372,0
66162,0
54251,1
27211,5
69970,1
54988,1
45290,0
22072,4
89535,2
76250,0
86162,5
66580,5
81840,7
57414,2
81179,0
49650,0
51266,8
77879,9
31316,9
42996,4
24564,6
66704,1
29038,5
24219,6
24723,7
50905,3
64719,0
61474,0
43982,5
85817,5
56717,0
44016,2
79569,1
88264,0
21800,2
83724,2
87594,0
82974,4
68425,0
28595,9
74186,9
82704,9
32156,5
59787,7
23532,4
84933,5
53111,3
87059,0
84042,2
60961,2
67205,6
28294,5
85311,9
23464,6
76590,0
49013,9
31158,9
30085,7
69121,6
86378,9
83192,5
69819,0
44993,0
81375,8
36600,3
48690,5
85091,3
24147,7
77797,0
64238,6
70453,0
76614,2
34374,7
29665,5
74112,8
83006,3
22376,9
61940,6
81100,2
78932,6
58776,3
59553,2
36707,9
81721,3
51248,6
82525,5
26896,3
34835,1
66081,2
41903,7
64979,3
81408,9
87621,2
70615,7
27431,3
23966,5
48311,7
69052,9
70016,7
61569,7
71489,1
66197,1
63972,6
46726,0
37688,0
51740,9
30784,9
77144,5
73713,8
63665,9
28756,2
35635,8
33267,0
64853,7
53918,3
57853,7
30946,7
44286,9
54295,5
85767,0
79973,7
26294,6
85148,9
70884,0
57312,4
71291,7
89891,7
80336,3
74258,7
41574,3
42632,9
20201,7
67649,9
51450,9
48532,0
27679,3
31574,6
48260,7
30375,5
79515,3
61676,8
70929,1
32744,1
63262,3
60728,2
61562,5
27516,6
42314,5
22598,5
32403,2
41168,8
85946,2
31692,3
73234,7
51155,6
31959,2
32903,5
38154,0
37069,3
32252,5
85383,3
53079,9
72113,7
38868,6
50366,0
60076,2
76036,7
35663,8
26995,2
52409,7
45733,3
35616,1
61308,3
68915,8
32002,9
74107,6
82300,2
52091,1
28367,8
76604,7
87721,5
84236,6
74048,2
34377,6
27365,2
84318,6
20051,5
41083,9
82735,0
42669,3
55925,0
63679,3
75395,5
27840,2
63124,1
76379,5
64103,2
50966,6
53854,2
73950,4
41619,2
44682,7
24994,2
76053,9
64598,2
83843,0
27635,0
87675,9
81789,0
84704,5
89516,7
52752,5
73723,7
37756,0
67336,4
73625,1
46083,6
83510,9
71444,3
82451,5
40226,3
31694,6
59193,1
57313,2
41598,7
52283,8
64788,1
50435,0
48475,9
91623,4
75675,9
74239,6
29040,1
87684,5
86103,6
56877,1
23878,6
44453,0
65958,3
57591,2
24997,6
22510,0
51190,9
57605,2
83213,1
44340,2
85353,3
41271,5
58768,0
70094,9
75772,9
78062,1
28947,7
57572,3
69183,9
79042,3
46880,0
60085,7
62617,3
44822,3
83398,9
21906,3
40575,6
69697,5
83252,0
83227,3
63568,2
29959,9
69324,6
38269,0
75457,1
33039,2
21780,8
29606,4
73996,6
22990,6
89406,6
55370,4
39773,9
59839,7
27128,9
52812,1
85138,8
55307,1
81277,2
46632,7
43841,1
88817,9
46994,5
56711,2
33297,7
34091,6
52235,0
88538,5
59775,2
86312,0
91229,4
86765,0
80376,0
30353,9
61507,2
52756,5
44041,0
45029,1
88701,0
52612,0
66363,9
42066,2
48555,8
68126,2
56007,5
83547,9
33836,7
79916,5
62139,2
35731,0
71081,7
26184,3
81508,2
71745,2
23165,5
73010,9
52657,3
26188,9
31879,8
32034,4
46680,0
27077,7
50287,6
26871,3
78904,5
35914,6
20353,2
40303,5
22996,8
49518,5
81065,2
52406,9
80032,6
80441,0
39501,6
61970,3
20926,5
61561,9
40361,6
27471,0
65261,2
46693,2
50542,5
78717,1
20703,3
70524,1
77580,1
21167,5
58623,6
43284,7
63385,7
52962,9
37246,2
22733,2
39216,3
41161,4
65950,9
27935,3
25029,4
21136,5
33730,1
91111,0
61716,7
48766,9
73783,7
67499,6
42744,0
88530,5
58677,1
34107,1
37891,1
22128,3
45257,3
67270,5
49837,9
74192,0
81958,1
74457,5
24488,3
74167,9
35911,0
29373,4
88175,5
68216,1
29931,9
41587,5
68739,2
33368,5
83493,0
51697,5
40597,9
57398,2
39624,6
67693,4
75819,5
62157,1
59055,6
62168,6
34093,2
58317,2
66516,2
77636,5
88932,5
53682,9
87928,0
50934,2
58576,7
59596,7
85726,5
51396,6
80358,4
39152,1
55912,2
27662,2
67850,0
87306,7
40638,2
43737,9
61528,3
28520,0
45523,5
72880,3
65106,9
53572,3
86402,3
47151,5
75604,0
82486,0
37985,7
39408,9
53418,8
42353,3
74939,1
65453,2
31916,9
87041,3
80599,4
39244,9
84192,3
84287,0
36301,2
20126,0
26303,3
88500,2
80679,6
79478,5
22232,9
78860,6
35215,9
73521,7
83442,5
90040,9
41719,0
74464,9
69066,2
34902,4
31757,5
75252,3
66211,0
57072,5
38829,5
63506,0
47792,5
72598,4
53599,3
43317,5
36273,2
28185,6
56607,1
81994,2
57368,0
26240,5
63306,2
38685,1
37408,5
58845,3
73670,5
79884,7
75431,1
77243,8
64340,3
75469,2
89148,6
91157,0
51160,6
43307,7
84938,1
42652,2
49228,2
37855,4
60382,6
25466,3
28227,8
72143,6
60287,0
55070,7
59002,9
61098,2
40669,3
75875,7
70859,9
82994,2
70715,1
56922,9
46290,5
67685,5
78772,3
39632,2
66563,0
48701,2
37743,5
72826,9
79866,3
24279,2
41160,9
40135,0
35206,9
42749,2
60403,0
88125,9
39402,3
24683,0
20638,7
35901,6
69477,3
36656,1
85901,5
32145,3
72135,6
58247,9
65490,6
51387,9
25467,9
27169,6
34179,1
74150,0
39659,0
31141,6
80980,6
86318,4
53321,4
84550,6
40531,4
49514,2
83369,3
50519,6
61358,9
20651,5
53093,8
29794,0
28431,2
58842,5
79506,8
81410,1
68614,5
63931,9
30971,5
86932,8
50848,1
71223,8
57106,3
85552,2
67424,0
47467,7
45500,0
61375,1
76512,6
79425,7
46832,9
91631,1
89730,6
23388,3
47339,1
58029,0
57645,6
74675,9
81134,6
70473,5
42604,5
84976,0
25333,6
46535,5
77276,7
62940,6
55028,9
22912,1
83279,0
64796,7
70561,2
55930,8
75512,5
91082,2
81325,5
89748,2
81964,6
89390,7
49706,0
51251,0
33610,1
20009,6
49404,2
86957,0
78771,0
77727,0
83026,0
36851,9
80077,6
85575,1
52792,9
76919,5
47104,0
50581,8
76067,6
25301,7
45168,0
45294,7
30660,2
29151,2
85971,1
72857,2
74405,9
54542,7
70053,5
85688,2
55220,5
79616,3
85805,5
42366,7
66221,3
50507,9
44550,4
51676,8
74543,1
80233,6
39268,3
53440,6
78882,6
81632,3
90659,1
72993,0
50505,3
48630,2
37543,1
28714,0
54950,2
25801,9
54797,0
45746,7
54510,1
30319,5
42389,6
25414,0
86261,0
59475,3
78520,5
57146,7
56557,0
42129,5
26976,0
75965,6
58474,0
89353,1
75359,9
35919,5
75288,2
60563,5
82770,2
22980,9
64109,9
67506,1
31706,7
46988,2
86001,7
64804,5
44614,5
81603,6
42553,8
62450,9
25440,6
55612,9
50110,0
52807,5
50501,7
49820,2
54065,7
21763,6
31290,5
55458,7
66391,0
91568,7
65678,9
28166,6
33079,1
55506,5
27698,2
39963,4
22771,7
58464,5
75782,7
52750,6
42803,1
50638,3
68422,7
26974,0
48041,2
45314,9
69173,7
41659,7
52293,1
40490,6
50280,9
56656,5
48484,7
89175,5
20073,4
32047,0
68447,5
20476,9
53323,2
35216,6
55695,8
64126,2
68971,3
84859,0
39394,4
61007,0
70673,7
41426,3
83176,2
52992,7
33814,5
51589,7
31322,5
54942,5
44319,7
65605,9
48715,3
69777,2
78873,2
24557,5
87497,5
64928,0
80023,5
80307,3
79179,6
40508,9
71305,5
43915,3
68923,1
65719,3
51335,2
61815,0
69454,2
85980,6
79898,9
89784,4
32618,3
56997,2
55882,0
69082,0
22719,9
68561,3
78696,0
31668,6
82869,9
21613,0
52717,2
21980,7
69540,2
82257,8
80978,7
71317,6
42274,8
58477,1
40624,6
74895,5
80058,5
56883,0
69141,1
59495,8
58992,9
61613,5
47786,0
51327,5
38036,4
83332,5
33117,4
43367,4
53689,0
50914,1
31581,0
59321,6
23283,8
42838,4
36788,7
82292,3
67478,5
31429,4
69176,5
24639,6
90902,2
47948,5
43891,0
38985,0
58172,3
71401,1
61637,1
82139,0
38390,9
75977,2
36393,5
76804,3
58218,6
45621,4
37799,7
36533,7
73823,0
40993,1
81306,0
84854,5
86244,0
72494,2
76600,2
57477,9
68073,5
54032,9
46551,2
66240,9
43620,2
86875,6
88631,6
58814,3
46954,9
22381,7
91674,3
71108,2
70748,1
30948,8
65288,2
75253,0
28897,6
87769,8
47960,0
75635,3
51307,1
59726,1
47718,0
86563,5
44998,4
43768,0
30204,2
25447,8
67357,0
42759,0
81284,9
52325,8
60040,1
31978,9
75715,5
55899,3
86890,5
71924,0
76085,9
74425,7
56233,2
57084,0
68300,1
62918,7
63133,9
74923,5
89809,7
41524,7
88749,8
89287,7
38000,5
34360,7
48013,1
85219,5
70610,5
44931,7
25591,6
85064,7
44228,6
72921,6
85400,5
45302,7
33939,2
26383,0
83907,6
52633,1
62186,5
24176,3
63726,2
68404,6
77529,1
89785,2
64304,0
88535,9
30874,2
70922,2
53276,3
88224,2
73087,5
45171,1
88578,5
57081,1
58643,5
63956,5
22190,9
27849,0
42837,8
26726,1
91323,0
48773,7
90523,3
46582,9
56920,3
20656,0
42110,3
62675,7
24647,0
71831,9
83459,9
70378,6
77457,9
41066,2
61785,9
25432,0
76495,7
78363,9
52915,2
52882,2
45642,0
43275,6
82245,0
42562,9
61467,5
91257,5
37474,8
65928,2
59562,7
24604,3
59578,6
28424,3
23424,2
68155,8
42377,1
27694,1
34177,7
24669,0
24143,6
28401,7
86086,9
21124,8
70854,7
71153,8
91404,6
90201,3
73651,2
50054,9
21019,8
24474,4
44278,0
25411,4
34594,7
66285,6
55201,9
70432,5
60809,0
74316,8
28148,1
88965,3
87636,7
57946,9
83402,0
39099,9
61950,8
58249,6
77468,0
91279,3
35151,9
69607,9
31949,7
81338,9
70734,2
43852,7
88551,7
29681,6
30917,2
80123,2
27796,3
71597,3
85719,9
76020,0
90028,9
84345,2
48788,7
47249,6
85057,7
65843,0
28451,0
33067,8
73102,9
33975,0
90293,8
61656,1
37512,6
44067,6
54209,5
85794,5
43264,3
45410,9
31329,2
79717,4
79432,5
36806,4
60712,7
36359,3
91319,1
31573,2
34303,5
58506,5
46027,3
72010,2
80639,9
52842,7
44647,1
89252,1
90677,7
57819,7
54478,9
63533,8
83762,2
26140,7
54437,1
57411,9
22935,5
29615,1
40859,8
57023,3
22112,6
81220,2
52904,4
86302,0
80535,6
60164,0
28981,2
90628,0
56204,8
43717,1
37131,6
22717,6
73658,6
70076,0
59845,5
51156,2
61915,5
74907,9
57345,5
69340,5
54781,6
49611,8
86530,1
52658,9
58760,0
83515,6
22625,0
81219,7
25450,0
44892,0
27005,8
58687,3
57809,5
70554,6
58505,2
30217,3
87148,5
28927,7
56479,3
46562,8
83181,1
41140,6
70278,6
55821,8
79562,0
53332,4
76817,0
84505,7
88177,3
57050,5
24302,3
65720,0
20882,0
60787,9
86024,5
71769,3
40172,0
76008,2
30642,2
75851,9
37827,8
26669,7
31440,1
34203,0
32536,2
50791,4
29569,7
39957,5
72145,9
25489,0
41725,0
58021,0
45055,1
69842,7
23518,0
42712,2
69161,2
61011,1
85273,1
44513,9
50764,8
61369,5
21073,9
34230,6
29536,0
71718,3
29731,6
20205,8
27558,0
63557,2
47716,9
24260,1
53117,9
64117,0
59154,0
22168,3
50847,0
33562,9
67599,5
88018,9
86055,8
22834,9
77963,9
77778,2
56995,1
67622,7
69392,5
33070,1
56882,2
61009,2
41090,5
54757,6
78111,0
72910,9
62776,1
35563,2
20570,2
21646,0
55272,9
90150,2
70479,1
87406,7
54455,7
87184,9
73796,2
74245,9
29458,3
25617,7
81993,9
43250,1
31404,5
24821,9
64704,0
63435,2
36499,7
75658,8
85071,9
76288,5
24729,7
22984,1
24052,2
72773,6
66869,8
62927,0
63494,1
29403,8
45122,2
63390,0
28130,3
78950,0
37555,0
86739,2
61359,0
38629,9
62846,0
47775,7
88281,7
46497,2
50697,6
38793,2
40285,3
34969,5
31975,4
50626,1
83087,0
45731,1
28114,3
84603,6
45623,9
85334,4
23071,6
86814,9
66428,2
91609,7
62467,3
35722,5
76246,9
55016,5
81707,1
22713,2
56308,9
54765,5
86618,5
61218,6
28212,5
69389,6
27328,7
61990,8
73654,1
39460,0
58852,0
61241,0
70591,1
74836,0
35729,1
28872,0
35107,7
34208,9
51671,0
23196,6
21415,6
46657,9
83211,0
75522,9
