instance_id,music_genre
49290,
81619,
31979,
35985,
25426,
84260,
68206,
66884,
52631,
60674,
87649,
70756,
47346,
39287,
87753,
32906,
30087,
30505,
55089,
20867,
73550,
52239,
51652,
23449,
45836,
38131,
82682,
80003,
36980,
90243,
80311,
64026,
32643,
20391,
86839,
48611,
42789,
73885,
58626,
25245,
74014,
55223,
34854,
64032,
23354,
47834,
89441,
25270,
25140,
54141,
60098,
82998,
42859,
21126,
68948,
33457,
67512,
27719,
24454,
66502,
70021,
34471,
38277,
58063,
73953,
50166,
77617,
74584,
64885,
85100,
60479,
90775,
33769,
88648,
38739,
61797,
51911,
75608,
61807,
39764,
75514,
51575,
30747,
61357,
76038,
47576,
27313,
54597,
49498,
53264,
81870,
36608,
26177,
52494,
61554,
63948,
44849,
85687,
54409,
57601,
81268,
43054,
80802,
35149,
33670,
31239,
30329,
59328,
23667,
56553,
56144,
30394,
40273,
27821,
28614,
69736,
26548,
30210,
42506,
89761,
89159,
52758,
37964,
54789,
79286,
77111,
60546,
84062,
26875,
41147,
26064,
63911,
49184,
62538,
78646,
25751,
90363,
69138,
65620,
35571,
51091,
84217,
41738,
59160,
29157,
35272,
76625,
64612,
21286,
71406,
69219,
49873,
46965,
35483,
32440,
69250,
58617,
80195,
56201,
22744,
75852,
73344,
32991,
70662,
66343,
52637,
76484,
73605,
32382,
20253,
60099,
71090,
24108,
49121,
56978,
79488,
91690,
41512,
68230,
45645,
51388,
86780,
53825,
83728,
86844,
59343,
74882,
73694,
86690,
51059,
56866,
23301,
42510,
68626,
22484,
72524,
41838,
43664,
68547,
65040,
34556,
43494,
70826,
50338,
35724,
78528,
24120,
71784,
48024,
45354,
51010,
26778,
48884,
65489,
55845,
91461,
40014,
83180,
63200,
76240,
52254,
29070,
26273,
37763,
79407,
90761,
71318,
58463,
27779,
39530,
91164,
40045,
71430,
47398,
39588,
77145,
61463,
29528,
27481,
78215,
73230,
28658,
87598,
53023,
65413,
74735,
25916,
37177,
71969,
78240,
69972,
65466,
76538,
83591,
33623,
54552,
39439,
85239,
82198,
45020,
57487,
44101,
61057,
42705,
53498,
31627,
74370,
90687,
53569,
55680,
70059,
52085,
56955,
66764,
52364,
78994,
21696,
86434,
77082,
43011,
25619,
82190,
53364,
31799,
78792,
34017,
25746,
65482,
55428,
52020,
90355,
54975,
88721,
50843,
64818,
90390,
45555,
55525,
65596,
68833,
72772,
24028,
87804,
81296,
64562,
86961,
78127,
27605,
31722,
29841,
26220,
73263,
36621,
91726,
43563,
23561,
77481,
42357,
30682,
62418,
45592,
77968,
65593,
77508,
82188,
37457,
68007,
40766,
86981,
45479,
21837,
88332,
91444,
29174,
78603,
83853,
38630,
30115,
32640,
75240,
34387,
59565,
44408,
28355,
73820,
84531,
22866,
45341,
88557,
48177,
86614,
38279,
26131,
82181,
66153,
26197,
47531,
58495,
51240,
47267,
34061,
70030,
74391,
74182,
77335,
79766,
74440,
75706,
80544,
81533,
37124,
78129,
63772,
32877,
33259,
54980,
53474,
40918,
44050,
47383,
76150,
26344,
47557,
42743,
78497,
51896,
91429,
39922,
31106,
76400,
84540,
25357,
24879,
43849,
85496,
52814,
43372,
68601,
37079,
55697,
39007,
45556,
74222,
53911,
40352,
22424,
83902,
89840,
60859,
32391,
39461,
49950,
55379,
45648,
89702,
82544,
61302,
90980,
20252,
63570,
80398,
84325,
24634,
35137,
85069,
67853,
22446,
46089,
39420,
49856,
85465,
47293,
83874,
26601,
64427,
36322,
89841,
51809,
48696,
49063,
60064,
75363,
62182,
21965,
21959,
83738,
26428,
68456,
42435,
85847,
35487,
28535,
49502,
80852,
27730,
50329,
35024,
43610,
68819,
61937,
89138,
30148,
63609,
41505,
81397,
62181,
37149,
40136,
63205,
56845,
71389,
85258,
90394,
53793,
29683,
47596,
34302,
26657,
31026,
86913,
46883,
34985,
26858,
71721,
45932,
90410,
43824,
42057,
56636,
35136,
36642,
85637,
28021,
67565,
54112,
69236,
23202,
70288,
86366,
31520,
61269,
41472,
71861,
88987,
69513,
86361,
88639,
83712,
65690,
85589,
64506,
31302,
73946,
34391,
23096,
60864,
39535,
87766,
67914,
36252,
26662,
72497,
55231,
73762,
33060,
52469,
28840,
89100,
61419,
52556,
89000,
67475,
33501,
67547,
75488,
65660,
42356,
54632,
64510,
21000,
38366,
60468,
32369,
30763,
48295,
84910,
31970,
51492,
82136,
25116,
49279,
65188,
84023,
46904,
56045,
27493,
32722,
72584,
83367,
33905,
51145,
30540,
32923,
52484,
80182,
41899,
83609,
57771,
73858,
66645,
28074,
50420,
49718,
32683,
41826,
48168,
50882,
64503,
30670,
38227,
57087,
62424,
25016,
47295,
77022,
64345,
90374,
54208,
21340,
65652,
79725,
84456,
37029,
32892,
23813,
53938,
83353,
50187,
52181,
50564,
59463,
66542,
68316,
79221,
44777,
67029,
43447,
58134,
28771,
83433,
71786,
69979,
68725,
58718,
41979,
31593,
86016,
47280,
36686,
62508,
35054,
87716,
70644,
43591,
40608,
47603,
32290,
77289,
32706,
30136,
87496,
88857,
30985,
65915,
90365,
29019,
26149,
62071,
61296,
48967,
50797,
59968,
70336,
22033,
52065,
69560,
81849,
36555,
56515,
20527,
24871,
90474,
79075,
71368,
22791,
64378,
65476,
72068,
25429,
68676,
91747,
89499,
41062,
36561,
66122,
76693,
27625,
62260,
25021,
53643,
20450,
29368,
67671,
67092,
80618,
22097,
91462,
24923,
86000,
70069,
71107,
30757,
56400,
59615,
75874,
51746,
27696,
34810,
23788,
64521,
24767,
29242,
58366,
77924,
29377,
28806,
90764,
76107,
89786,
84470,
34904,
57319,
46660,
62500,
47649,
83477,
69177,
71225,
55391,
22807,
36605,
85570,
77339,
41464,
70225,
24263,
83340,
76503,
65146,
26932,
54718,
37759,
42332,
82318,
38336,
71301,
62648,
63618,
91741,
52534,
80052,
67741,
26702,
42494,
39861,
89201,
70085,
82628,
23920,
63159,
78345,
32316,
79441,
35805,
86451,
29292,
67331,
63180,
74986,
71794,
20494,
28770,
29671,
21624,
41912,
79727,
45337,
47836,
76253,
82195,
39908,
76291,
46703,
90996,
91525,
72334,
24554,
87065,
31905,
54151,
62519,
61135,
58821,
72073,
79708,
30773,
25087,
34304,
27542,
21806,
76139,
54124,
32141,
91691,
87853,
78713,
81074,
23766,
31474,
31289,
66665,
70427,
80870,
44839,
58486,
51625,
30198,
37067,
86214,
24274,
81382,
38029,
88763,
37863,
45377,
43685,
75313,
46539,
37690,
32225,
55325,
59014,
24130,
61691,
44257,
79088,
83677,
40065,
69025,
41685,
34808,
87340,
26406,
51725,
47210,
82487,
45455,
47751,
53104,
71838,
54884,
55961,
28232,
49055,
50977,
48768,
26833,
58973,
84133,
63091,
80379,
38316,
71529,
32758,
63312,
29438,
71309,
53604,
25567,
35244,
45707,
53711,
48325,
59663,
45034,
39967,
84128,
29402,
61801,
49666,
44636,
45113,
37629,
34604,
88736,
32926,
52023,
39173,
57304,
53760,
77861,
25633,
70496,
83516,
32086,
64294,
44027,
26779,
34966,
55051,
39233,
83890,
31982,
21727,
41501,
45300,
33127,
33439,
38598,
61194,
47465,
42960,
64683,
35966,
50197,
38228,
68298,
38022,
39409,
79803,
34943,
32082,
27870,
47780,
88273,
79043,
77723,
40147,
22971,
54798,
41800,
26793,
57247,
49012,
22396,
37419,
29357,
69131,
86199,
60718,
82490,
72554,
33965,
84113,
66326,
87921,
34686,
46663,
37637,
66800,
51603,
68854,
47912,
30530,
80561,
51580,
49671,
36501,
51724,
88044,
24160,
66753,
53446,
37446,
26838,
30001,
59111,
82946,
37068,
25108,
62803,
34075,
29679,
28566,
30828,
52548,
76979,
85373,
82610,
56080,
78625,
77505,
44034,
77132,
83636,
50092,
89564,
86423,
37645,
34681,
66410,
20595,
86330,
40697,
39283,
31201,
27465,
63044,
28859,
68222,
21890,
23302,
56770,
76164,
85174,
91705,
54000,
34731,
53764,
30861,
55514,
64723,
29436,
76701,
62255,
25962,
49365,
39664,
65138,
24266,
88446,
71720,
62621,
39082,
25399,
55356,
82288,
36108,
45401,
61623,
86047,
36250,
69507,
25680,
30112,
34496,
57554,
40485,
45312,
68471,
59472,
57763,
47107,
74293,
55374,
70179,
28636,
54735,
89311,
83157,
71119,
90503,
41543,
59127,
79967,
81314,
85926,
68810,
74339,
74898,
48230,
38069,
45586,
32051,
62834,
55171,
82856,
56981,
76654,
39642,
57599,
20164,
82885,
61080,
74227,
35823,
25894,
71154,
42805,
65239,
26391,
44481,
28640,
57941,
90386,
42810,
65717,
21045,
25146,
56304,
65951,
54447,
30679,
61740,
60252,
77710,
78763,
20265,
69492,
69398,
31715,
62958,
60578,
88096,
85914,
67391,
41181,
20820,
50064,
66711,
71452,
73026,
81430,
34121,
48524,
20753,
83429,
55150,
59008,
86485,
83897,
62842,
81104,
27937,
59567,
27900,
34761,
56024,
78122,
52326,
87744,
47137,
23692,
61626,
43188,
42773,
70704,
31806,
56903,
33454,
53019,
27753,
81548,
64400,
29981,
76058,
54567,
63190,
41085,
68161,
44216,
82075,
73693,
60481,
31641,
67683,
58392,
59149,
68668,
52690,
53126,
59647,
76078,
90564,
82485,
22059,
68283,
62801,
86518,
69407,
85087,
88405,
79701,
31855,
79923,
42238,
67406,
68655,
60006,
50381,
47260,
74311,
74042,
54424,
85561,
54796,
50587,
72389,
39139,
36975,
61373,
53527,
27973,
81937,
36160,
29469,
75458,
62896,
88245,
48918,
63805,
83099,
87053,
43373,
27769,
45598,
54964,
66451,
74305,
86381,
88290,
34315,
32491,
47554,
78483,
72731,
63452,
53568,
82915,
22590,
42676,
38262,
59459,
86757,
31963,
81700,
23280,
25768,
62406,
27798,
36482,
38748,
56114,
73054,
22474,
84596,
51400,
31871,
76153,
46952,
40516,
52441,
77684,
80533,
82498,
62913,
28376,
20847,
70512,
31920,
23248,
67262,
63402,
74553,
50795,
86601,
55062,
36727,
66648,
84790,
57558,
35499,
49441,
65702,
33847,
52902,
82980,
45594,
39890,
32641,
76535,
85540,
88689,
29591,
66383,
29020,
60555,
75294,
60056,
34352,
68968,
90427,
63307,
54703,
90963,
24206,
39604,
90615,
58225,
70510,
54402,
43791,
77890,
78359,
51414,
77301,
45876,
88075,
40557,
49327,
42884,
77619,
28473,
56588,
24027,
20082,
71417,
42185,
45191,
47412,
55581,
69710,
26369,
87670,
55461,
39591,
81083,
70639,
35477,
81091,
41156,
72374,
48137,
80378,
41304,
88442,
67145,
47873,
71411,
68247,
52064,
67569,
80776,
23988,
56177,
81851,
24622,
45794,
88275,
53486,
23117,
77675,
86581,
40847,
45450,
70334,
38241,
38225,
80369,
86234,
55483,
74820,
20347,
21635,
27781,
82154,
23633,
33629,
84743,
28480,
62195,
85320,
50411,
39228,
74720,
52350,
75744,
46998,
40806,
42246,
45605,
56050,
48300,
61769,
47026,
69128,
76168,
88241,
39761,
50444,
44496,
58618,
28063,
90052,
20734,
59847,
76003,
30157,
33062,
31731,
38382,
83646,
71497,
51069,
61291,
82768,
38920,
45753,
52174,
28233,
28167,
59694,
50768,
50888,
89636,
87942,
63812,
63822,
52907,
46132,
57998,
64250,
52578,
51365,
68034,
40231,
62822,
74431,
62262,
25580,
31453,
36592,
56067,
30365,
52421,
71979,
20954,
87100,
39340,
40985,
64360,
75997,
28024,
54893,
25213,
36083,
45179,
91680,
38391,
84222,
68388,
39981,
81674,
35256,
39512,
43632,
22693,
71766,
53818,
75098,
89373,
87595,
86742,
64184,
71487,
51775,
88390,
44337,
74813,
22727,
79525,
31531,
74801,
73136,
43719,
50991,
59058,
25410,
45696,
67110,
22035,
90260,
82861,
46465,
44728,
25548,
71527,
67608,
73506,
57229,
50636,
51065,
32315,
29369,
70465,
56041,
25474,
50613,
43257,
54168,
63840,
41936,
53441,
76373,
23652,
61880,
37998,
81903,
85225,
52600,
27934,
57507,
55350,
25941,
69955,
50997,
59574,
47355,
77212,
62992,
38025,
85454,
78295,
23820,
46029,
54517,
50336,
78913,
26765,
53328,
73290,
52614,
67682,
83498,
82989,
34589,
47851,
64955,
35917,
31517,
33357,
81036,
51837,
42862,
22028,
21997,
37268,
63800,
62970,
74091,
73019,
21810,
25079,
36874,
67121,
42815,
62999,
47427,
44110,
84130,
62786,
81324,
35377,
41265,
63041,
39028,
34498,
39668,
33541,
32559,
87737,
44803,
56422,
45618,
84484,
43197,
28952,
55332,
64070,
35751,
30490,
67175,
68016,
55364,
29622,
28215,
41801,
27199,
80108,
58010,
58766,
20764,
79032,
22530,
29198,
52366,
54594,
33838,
33349,
48385,
66026,
69193,
41774,
72326,
84068,
62091,
34192,
27214,
73068,
64320,
50831,
86010,
53391,
25545,
33723,
37902,
83162,
84877,
35246,
78242,
80180,
63222,
30615,
34687,
27984,
51620,
46624,
22804,
22427,
61624,
87078,
61211,
72264,
69452,
88799,
57265,
67658,
70333,
51522,
63182,
50417,
35063,
83629,
44737,
73526,
55060,
67186,
28171,
49476,
66116,
70631,
27593,
73213,
36416,
72067,
73368,
42589,
86773,
75072,
44238,
31921,
69901,
54658,
62293,
41488,
82345,
82102,
47749,
83888,
61458,
63549,
61249,
73346,
37757,
85128,
71058,
76385,
25164,
22541,
40456,
22069,
40444,
57182,
59889,
77186,
86790,
21821,
39589,
48565,
87918,
73081,
90930,
47001,
83718,
70913,
50145,
38242,
39336,
91019,
26033,
79532,
90071,
74948,
54923,
46490,
43515,
78556,
34031,
51112,
67742,
40142,
26835,
58573,
20676,
79885,
85987,
73692,
83035,
23680,
74498,
48525,
31621,
81448,
62070,
72914,
88963,
55830,
52074,
48014,
66514,
49282,
63639,
68602,
34199,
63786,
36688,
26684,
38374,
54263,
59129,
33781,
31686,
49442,
76669,
38990,
34233,
28652,
82552,
71791,
89545,
21367,
31955,
59724,
41003,
88595,
43606,
46197,
90645,
53203,
25815,
52334,
48283,
66296,
32520,
77454,
20545,
64943,
59841,
61038,
49534,
45840,
89854,
51954,
53292,
75193,
25858,
24957,
52634,
62738,
71852,
77092,
42703,
49366,
69691,
64396,
78370,
65354,
78299,
50547,
46944,
51946,
68875,
42974,
43735,
33374,
65792,
59498,
84753,
91540,
89682,
39020,
64720,
30367,
41638,
27149,
47857,
67603,
48811,
73223,
65902,
46882,
42272,
73134,
79853,
22917,
60373,
30022,
71338,
37790,
72231,
67422,
48119,
69408,
90494,
74501,
84588,
60854,
55480,
50462,
69114,
78094,
31876,
36011,
33239,
80364,
48686,
78048,
57905,
90094,
87551,
66680,
56540,
88334,
51689,
83703,
84479,
83403,
69772,
67235,
27510,
38211,
81367,
47977,
73516,
49091,
29047,
34809,
88941,
44376,
36879,
57628,
73116,
75942,
54216,
50650,
46689,
75749,
53478,
48931,
23457,
39622,
53143,
50293,
32858,
44406,
81673,
45400,
66321,
85855,
57464,
54041,
88491,
30439,
40681,
36875,
53402,
71889,
64815,
83248,
56741,
78673,
89339,
83025,
26843,
78168,
39805,
68976,
84201,
83551,
43679,
34503,
26922,
21293,
63484,
77790,
37368,
86256,
51370,
67167,
70629,
32827,
57471,
48629,
45488,
86918,
40871,
65557,
28910,
35062,
91070,
52010,
44556,
44579,
66558,
77897,
52563,
20792,
74511,
79557,
73035,
38863,
47957,
47194,
72504,
41908,
82561,
56619,
36022,
23070,
50840,
67937,
42516,
54375,
78606,
86379,
70190,
81174,
85818,
72119,
86115,
31638,
66583,
84849,
90530,
74282,
83362,
32119,
39675,
84676,
80341,
84852,
90380,
90607,
52400,
23173,
58564,
79819,
53950,
82627,
60029,
31100,
81247,
77194,
85744,
67571,
49694,
77734,
54802,
29865,
56859,
48156,
63342,
21561,
91112,
49303,
23357,
27594,
60867,
34754,
78508,
70478,
91283,
42312,
64036,
61005,
28923,
48810,
23517,
47935,
90587,
66049,
89567,
47560,
82900,
46496,
29743,
83774,
26507,
49895,
82083,
76649,
78953,
40487,
73829,
59213,
74180,
22026,
65943,
42931,
59927,
66747,
76502,
21580,
87637,
41883,
60194,
36587,
36028,
90413,
30721,
58646,
40175,
48521,
66215,
84916,
62087,
78041,
62062,
39090,
69611,
45017,
34027,
81434,
49972,
59632,
84137,
85206,
43163,
21918,
75989,
62209,
37565,
48165,
24396,
34840,
71453,
51493,
36876,
91539,
35530,
82456,
61546,
81987,
69130,
67118,
21382,
73883,
23118,
71347,
40181,
59940,
43424,
73177,
38757,
28089,
25036,
29820,
49287,
24164,
29476,
83036,
63575,
27073,
68305,
91043,
58436,
50700,
80705,
49315,
33676,
55872,
43146,
88186,
59796,
53470,
25834,
39387,
20535,
52823,
32810,
38606,
53864,
62250,
71603,
64705,
37647,
46876,
64841,
26133,
58841,
49076,
62746,
74158,
86265,
67076,
31082,
67535,
27603,
21205,
20061,
57537,
23124,
78975,
77107,
79612,
25181,
75014,
66799,
34383,
37965,
76040,
77450,
68988,
76409,
71941,
49620,
81671,
39412,
47188,
79366,
55469,
46054,
68041,
60749,
68638,
29748,
87339,
68027,
73296,
58054,
83740,
67838,
61207,
20270,
37400,
31488,
23745,
44159,
31388,
36681,
53028,
90968,
91648,
71351,
23682,
72132,
60068,
39836,
64246,
37363,
24132,
89509,
62712,
56740,
79173,
87381,
71075,
53576,
90726,
28547,
57851,
28844,
80031,
56378,
21647,
90856,
56832,
64058,
66268,
32686,
71801,
56709,
83194,
43521,
46227,
89912,
47302,
71795,
63050,
89716,
36618,
30390,
20492,
39645,
52552,
74869,
61118,
77197,
63966,
63438,
33780,
79928,
58118,
66244,
53479,
31010,
89721,
45070,
74240,
42768,
74537,
69879,
57737,
77961,
38303,
35513,
43589,
48776,
47555,
82460,
57889,
36664,
82659,
81809,
35121,
30690,
59442,
57336,
42472,
24699,
61899,
34590,
65054,
24659,
80155,
63099,
79571,
52667,
89333,
56228,
87312,
88717,
62655,
59412,
68870,
31808,
25102,
85768,
59855,
55357,
50335,
37075,
89815,
82323,
34067,
26836,
80796,
76414,
64418,
66914,
25054,
77914,
64099,
49497,
69505,
22739,
79035,
63743,
60566,
33773,
36381,
46258,
89256,
34096,
58025,
66456,
45256,
78825,
67616,
22173,
30687,
25173,
56454,
88473,
86111,
21701,
52880,
69332,
86808,
49606,
58641,
29421,
61823,
44901,
85774,
27774,
20103,
40999,
31110,
70648,
38253,
48904,
42512,
71333,
91122,
70516,
80196,
81929,
82164,
38288,
32174,
91422,
21240,
29813,
53909,
33398,
64905,
51271,
72449,
85023,
78032,
31859,
66689,
64497,
24578,
40555,
87098,
69864,
87568,
75191,
67429,
23772,
38034,
21812,
25154,
74178,
49114,
43963,
50604,
88417,
36495,
88180,
50492,
56141,
69079,
44395,
86689,
46481,
37004,
83565,
28454,
52850,
62482,
87810,
79283,
87470,
36460,
22334,
82060,
62185,
88819,
63371,
75974,
28536,
49969,
83734,
76289,
87066,
59041,
34680,
39614,
64175,
33084,
70917,
62747,
77349,
68645,
59924,
47724,
52433,
45508,
49368,
45200,
67584,
37158,
26748,
74104,
83546,
91638,
88489,
58414,
20721,
32655,
24075,
52670,
52072,
21300,
87362,
57555,
41403,
60724,
71222,
27083,
21214,
45950,
57332,
80722,
38534,
43547,
80538,
75106,
41241,
23266,
24597,
46992,
61962,
33530,
20609,
63702,
50863,
66963,
77586,
49783,
24249,
49004,
67307,
26652,
29916,
27902,
51082,
59466,
75606,
82986,
52737,
40239,
86902,
33585,
37775,
82669,
41900,
33931,
68168,
30362,
86336,
87840,
56585,
58288,
20505,
54766,
47029,
86594,
20786,
87537,
39608,
52166,
35208,
21466,
63195,
87454,
77921,
65824,
76959,
83029,
82182,
34334,
58088,
39752,
49136,
68194,
74309,
90954,
35862,
31046,
56465,
90152,
59644,
81848,
29601,
31514,
88897,
24481,
46973,
60161,
64615,
53222,
65192,
24451,
85402,
30596,
60899,
20204,
41976,
41316,
37328,
75341,
46513,
43302,
78728,
35971,
90252,
28530,
66482,
36437,
80716,
82581,
63777,
61421,
49272,
54363,
37761,
22553,
49982,
90217,
30947,
25188,
84652,
85734,
54346,
44142,
37112,
56476,
54547,
36643,
84742,
58292,
47734,
84690,
82894,
41724,
56781,
80701,
28868,
43005,
50655,
21922,
58459,
21178,
82534,
26054,
54480,
31926,
38565,
90682,
85358,
60116,
72530,
89916,
39156,
70267,
37718,
38771,
48226,
37273,
68311,
85531,
40104,
26153,
55529,
52746,
71013,
59249,
50099,
34726,
91602,
61861,
30964,
64797,
33075,
89976,
48142,
51653,
28524,
52068,
40164,
34585,
30122,
41643,
62088,
56549,
32444,
24999,
20067,
31338,
54444,
49845,
28500,
40937,
57054,
55008,
85434,
52465,
62455,
70900,
49911,
71460,
54108,
67791,
39809,
30668,
32236,
28698,
54132,
65240,
63767,
26351,
54809,
32457,
52997,
29393,
81449,
70307,
84863,
87142,
81233,
71088,
69767,
82500,
27772,
88360,
85765,
41804,
55418,
45310,
59238,
65923,
23933,
36303,
31217,
88364,
29218,
50389,
62580,
54161,
69775,
36668,
35045,
58407,
89949,
69626,
24096,
82846,
45811,
50780,
55507,
47683,
41617,
49828,
47121,
80505,
25198,
53982,
83715,
39810,
36357,
63187,
33685,
48319,
67924,
38505,
53122,
61379,
74133,
31719,
57269,
21949,
56214,
39961,
58457,
70725,
26606,
25864,
27867,
41924,
30435,
44895,
46724,
72599,
39217,
84472,
23462,
37670,
82244,
45071,
43210,
77979,
75946,
42812,
50930,
27129,
20946,
73798,
26533,
57168,
28871,
43020,
65060,
60431,
73724,
63048,
45659,
57455,
30833,
26274,
76923,
52769,
65038,
22887,
62957,
22166,
34408,
49219,
34022,
34952,
46804,
63046,
58403,
73849,
65914,
65865,
56834,
83077,
78446,
44742,
65344,
79686,
80694,
54528,
81285,
40016,
74582,
72905,
26512,
87763,
21152,
55179,
66154,
88430,
79667,
91712,
87548,
84375,
32887,
26632,
70357,
49042,
84962,
90713,
75664,
65214,
21227,
56715,
80238,
36323,
62269,
59162,
32691,
54991,
24697,
79475,
82276,
21618,
35255,
51848,
84565,
47352,
23615,
58351,
56460,
23605,
37742,
61817,
84114,
46712,
91578,
36110,
22547,
47459,
59031,
31179,
42854,
48343,
80172,
72520,
48937,
81510,
72685,
32048,
63701,
89945,
52799,
46422,
81572,
71470,
68895,
56713,
56840,
33521,
28272,
58058,
61808,
61459,
32414,
38794,
58786,
73764,
64269,
40068,
45615,
31850,
27963,
49278,
58267,
77906,
35975,
43191,
78705,
58390,
39031,
80491,
47338,
59419,
48002,
67974,
81593,
74505,
45275,
56600,
64076,
89116,
28031,
36191,
51953,
90171,
71063,
58807,
91280,
25259,
53145,
46528,
76193,
72439,
48178,
75466,
62501,
62854,
62886,
20848,
81826,
64316,
88013,
62326,
65079,
75831,
24192,
67805,
39261,
76711,
74804,
83321,
64602,
26366,
47588,
21275,
83156,
86399,
66776,
87079,
67777,
42463,
59862,
43923,
25873,
65314,
67894,
53719,
45846,
56568,
30795,
39441,
62916,
49443,
46394,
32183,
66142,
33881,
34492,
30992,
28649,
22651,
30093,
53338,
80617,
81167,
20804,
87689,
31092,
90339,
30446,
44404,
49317,
59595,
84129,
42056,
69326,
66238,
56094,
22025,
39302,
62637,
63431,
83360,
55557,
37765,
57051,
37591,
29877,
75842,
39227,
77381,
52268,
35486,
85105,
26668,
71130,
26267,
65385,
25485,
62085,
76494,
65504,
47470,
29443,
86595,
55369,
28313,
31671,
23655,
60851,
88621,
45937,
38827,
32292,
54578,
46071,
63537,
89600,
76361,
29858,
83796,
52225,
45590,
40514,
39170,
31471,
20230,
53733,
79943,
69649,
29723,
81365,
20757,
59798,
23101,
51713,
61068,
71863,
77176,
64935,
72892,
60794,
57582,
80866,
71123,
55661,
83356,
27289,
81874,
31459,
69730,
24336,
51831,
37299,
46652,
28580,
83324,
33156,
70075,
72547,
76618,
49045,
22402,
42387,
86486,
76006,
49585,
33097,
37120,
56889,
43115,
91576,
81837,
74912,
90509,
41339,
72962,
25519,
78346,
58191,
63433,
36054,
60485,
78793,
21056,
74783,
63612,
42219,
20641,
90601,
23074,
69278,
52073,
28676,
72257,
52213,
36320,
33682,
28274,
67827,
85292,
69287,
68439,
74651,
59902,
29282,
81785,
46713,
55366,
55411,
75187,
52664,
84200,
70212,
28106,
30017,
37753,
80536,
55619,
46280,
74118,
26042,
73178,
78565,
66134,
63766,
87833,
70649,
68814,
36731,
20723,
88070,
52763,
48440,
40263,
29051,
28038,
21871,
29255,
49522,
83491,
61948,
21299,
22079,
71334,
30165,
21078,
75389,
57300,
30455,
90497,
80324,
44881,
70419,
90571,
61247,
79625,
63900,
57569,
77798,
33526,
40394,
46838,
77200,
57893,
68718,
40349,
21813,
44600,
83935,
46442,
55875,
58314,
21620,
26420,
35784,
74829,
22489,
84926,
77164,
90485,
79167,
78627,
22538,
38642,
24977,
46097,
50818,
24465,
60415,
35785,
50793,
22027,
29755,
33613,
44480,
65436,
53592,
27443,
85480,
74892,
53186,
62782,
76282,
44198,
75180,
29620,
88813,
21853,
29301,
72380,
85799,
64997,
69035,
82158,
74410,
56172,
25185,
32673,
69811,
40644,
67366,
48078,
57610,
72735,
81814,
77054,
22391,
51255,
50855,
32934,
37511,
62671,
88081,
83221,
55865,
66467,
76371,
61865,
83894,
23909,
80216,
39868,
74674,
66546,
37333,
22295,
34117,
64059,
88058,
84437,
84340,
75929,
75666,
38287,
31039,
72299,
83543,
40718,
89078,
71508,
61284,
53807,
40443,
57786,
84969,
31630,
91356,
86031,
25805,
38712,
41070,
77616,
27039,
32432,
80680,
88982,
24089,
66287,
38256,
50837,
46877,
49342,
25093,
23373,
33091,
74079,
63631,
24008,
52994,
41116,
52820,
30230,
83849,
64646,
87386,
57037,
51869,
39911,
76077,
55279,
45005,
41964,
75096,
54435,
84206,
86710,
60836,
88065,
82862,
27758,
27720,
26434,
63119,
83267,
60932,
76179,
80354,
20135,
52272,
24244,
58770,
57013,
49145,
32200,
71845,
84583,
50278,
51203,
82591,
75323,
47021,
61016,
50356,
87434,
30993,
56824,
75303,
89467,
28602,
65353,
25551,
47018,
66259,
64803,
81300,
89907,
48664,
69639,
90696,
64654,
83404,
79384,
87251,
91368,
53175,
46886,
62510,
23135,
75603,
70711,
57927,
63620,
89043,
71809,
61387,
33789,
40347,
36698,
77389,
84592,
63360,
82118,
90924,
23155,
43609,
88428,
86139,
83178,
81940,
65415,
64728,
70736,
54730,
63064,
22596,
39605,
44317,
23026,
74741,
47354,
84972,
43248,
29441,
90002,
91398,
30058,
20208,
58648,
36400,
34880,
71989,
56973,
20056,
46622,
84934,
88189,
84223,
45262,
78366,
90223,
25137,
77319,
75812,
53641,
86667,
49242,
31448,
35707,
68253,
38442,
58203,
25462,
66622,
78939,
39971,
38274,
54956,
79372,
53934,
63025,
60766,
84362,
34629,
45247,
85004,
25919,
80799,
76938,
23598,
30203,
40134,
32863,
65587,
45513,
90464,
48547,
53432,
75569,
70990,
61466,
63849,
63514,
65675,
59184,
42953,
56017,
64397,
57680,
60848,
64567,
89693,
64254,
59452,
47112,
38779,
30011,
91481,
78090,
24258,
43450,
58755,
32919,
60002,
42121,
78439,
45373,
49386,
44583,
72379,
26087,
77602,
55949,
52187,
41581,
32671,
78331,
76114,
90789,
36626,
40765,
87383,
28697,
82067,
88319,
77262,
35863,
43514,
75713,
91221,
81464,
71092,
36404,
27564,
43131,
79556,
61741,
69156,
28752,
50827,
78694,
28620,
39880,
74304,
25641,
55432,
90155,
52978,
81766,
52947,
70231,
56395,
22129,
74703,
74661,
82374,
20897,
28494,
40261,
41556,
79677,
71499,
86424,
35228,
30432,
54425,
84600,
39377,
81029,
39612,
43098,
38806,
48370,
52862,
55174,
22969,
80807,
90606,
74170,
75456,
91241,
47221,
20583,
52568,
57474,
73667,
50399,
50232,
76012,
51267,
39647,
20885,
84515,
22231,
67638,
76597,
25921,
72499,
88156,
72158,
28619,
86999,
69046,
63884,
25690,
39710,
47364,
73756,
88989,
40512,
35503,
75894,
39006,
53749,
54583,
31527,
40274,
91073,
86569,
77061,
68748,
77729,
56790,
73359,
61180,
28601,
31017,
77915,
49986,
36087,
61256,
59603,
72532,
30840,
82273,
65472,
56826,
77396,
41239,
72975,
87045,
66763,
62223,
62408,
55040,
62441,
82527,
31192,
58485,
80176,
53978,
29258,
41776,
26613,
57473,
81921,
46773,
48757,
57341,
27765,
36510,
25590,
54030,
65577,
24888,
47440,
84983,
44603,
36509,
90133,
66204,
65201,
45129,
88262,
76506,
85259,
79901,
88816,
22511,
55602,
37090,
35945,
20739,
62602,
73529,
49948,
86539,
90832,
83971,
46049,
20824,
66652,
68017,
39321,
44818,
43268,
45124,
57668,
63074,
83382,
64732,
62375,
22323,
84259,
39881,
47252,
73413,
78962,
66260,
81734,
79369,
26375,
62902,
32824,
63564,
91526,
89268,
32124,
42277,
27028,
25563,
81680,
47891,
86627,
47496,
69923,
33426,
40965,
39106,
75669,
31597,
77978,
53205,
41788,
89377,
58490,
55318,
29163,
59523,
44304,
27601,
31328,
84883,
79755,
59108,
64834,
48056,
71270,
45916,
68600,
72212,
72645,
81733,
70613,
89481,
91041,
23880,
38044,
49906,
87438,
47966,
72022,
26271,
67797,
70531,
55866,
59098,
88748,
77426,
61397,
91449,
36652,
32004,
82172,
58018,
27842,
83236,
70013,
44384,
81883,
35893,
28310,
52544,
64687,
60372,
42897,
28464,
79303,
44036,
73722,
36072,
76442,
68804,
69459,
40572,
72878,
66608,
47056,
73233,
86799,
38846,
47929,
24608,
23064,
58381,
71802,
32089,
55442,
79490,
66395,
38302,
68437,
48750,
57262,
64711,
75021,
74171,
28538,
20127,
83841,
82922,
51165,
87207,
84730,
38918,
58123,
66571,
45713,
82024,
39451,
50948,
22876,
24491,
88719,
39955,
34677,
65671,
23833,
41679,
85606,
77912,
69946,
47064,
24576,
65141,
77352,
80501,
61077,
23394,
40292,
37949,
23286,
50511,
84276,
40792,
30823,
88830,
50296,
21208,
81647,
35600,
34567,
79575,
57632,
67735,
50014,
87378,
66286,
78958,
43352,
59803,
83197,
33303,
39272,
24478,
69180,
50985,
75892,
82942,
63208,
48435,
34721,
23630,
51106,
58166,
59458,
67557,
54025,
20899,
44528,
36075,
66028,
87643,
57888,
52913,
33030,
64240,
85348,
22810,
30899,
35809,
55301,
20360,
39852,
75099,
26343,
63801,
63839,
24976,
82787,
71722,
79132,
32014,
59084,
76664,
38236,
47808,
91389,
37078,
80908,
24167,
43761,
56644,
47594,
35098,
82010,
21493,
87012,
91057,
63727,
38764,
47460,
51023,
25200,
91437,
72213,
69228,
75262,
70623,
23675,
38914,
60323,
40002,
78567,
25505,
80840,
61499,
40891,
47190,
52718,
54754,
78474,
39666,
37257,
43194,
40582,
82710,
65296,
72835,
65428,
83580,
60358,
41697,
59984,
69151,
70910,
29209,
63816,
44533,
31489,
76515,
49396,
63423,
74371,
90896,
20534,
76470,
60119,
29817,
35425,
89332,
69941,
59809,
88520,
89211,
87253,
58606,
29312,
55926,
36775,
61697,
86037,
58212,
44157,
69169,
65049,
47261,
87492,
61733,
77009,
24929,
40252,
49757,
88936,
42094,
68789,
58579,
46135,
84658,
69718,
57593,
47144,
67644,
34534,
56340,
69072,
30570,
26822,
41365,
31870,
88008,
38169,
42117,
33104,
30710,
80294,
23999,
51619,
32138,
34268,
59530,
49273,
62053,
87959,
46900,
29248,
50596,
26467,
25664,
63695,
76748,
37227,
83884,
76755,
74074,
41756,
85909,
32687,
54414,
38381,
85576,
30238,
69991,
73101,
67504,
87525,
31042,
67464,
77493,
89166,
23254,
44135,
79076,
44886,
25135,
46512,
77158,
55261,
29097,
81681,
26492,
90674,
54193,
83943,
64215,
37917,
52946,
33002,
49586,
89459,
82760,
68890,
69986,
21507,
41030,
36473,
84750,
83508,
75128,
69174,
86876,
29397,
36918,
51209,
87528,
90985,
47766,
38532,
72053,
35545,
65051,
48742,
65298,
64725,
29522,
73351,
81895,
42513,
61232,
44364,
33863,
28132,
29695,
83039,
74260,
91012,
20112,
57752,
28189,
44545,
26594,
59309,
79520,
78378,
62266,
30829,
79570,
55622,
87108,
51178,
81906,
55587,
38594,
21823,
84315,
27792,
35531,
24611,
22582,
67784,
73357,
21731,
75071,
23288,
82115,
49816,
88863,
27847,
32880,
46518,
53113,
29538,
76184,
64480,
57741,
54819,
81898,
71026,
79267,
43462,
31524,
62561,
76821,
30368,
37548,
54782,
66243,
74842,
47635,
45691,
47944,
68688,
61587,
58544,
56452,
37773,
76915,
27080,
68821,
69690,
37577,
30219,
30427,
74060,
42616,
54990,
78900,
50828,
56053,
57091,
84512,
65636,
31606,
29314,
49854,
23404,
59611,
42657,
56349,
36112,
67519,
44852,
48655,
48996,
77436,
59141,
60853,
37207,
42292,
71808,
76977,
22485,
65822,
57700,
62708,
54768,
83620,
76302,
47449,
59703,
81988,
25428,
82142,
38197,
44754,
72583,
45520,
58635,
90187,
54490,
29580,
56159,
63169,
53544,
35434,
56396,
61277,
33402,
83072,
72527,
48526,
40192,
77954,
73064,
86062,
75552,
54855,
22122,
58803,
87648,
27957,
74808,
70537,
81823,
61639,
62197,
78119,
22481,
48196,
58298,
46729,
84381,
50297,
52521,
63874,
86375,
57436,
32546,
43688,
56813,
78886,
61227,
21756,
81363,
49878,
39454,
67820,
59936,
28745,
53927,
32365,
47403,
75665,
41684,
41262,
82085,
49191,
27404,
76089,
76873,
23062,
30937,
80293,
58289,
90613,
35012,
61285,
37382,
86603,
59977,
47668,
25261,
90064,
69319,
79028,
77103,
62597,
64071,
88482,
68822,
66759,
63154,
63440,
26597,
57219,
47916,
34065,
77783,
79878,
67240,
91245,
78371,
57695,
89974,
23870,
35118,
30123,
39166,
37488,
35014,
88327,
36951,
72903,
74777,
29251,
50494,
58122,
50919,
64525,
51109,
55259,
85185,
74766,
71181,
40603,
50562,
78928,
47629,
85044,
27453,
20433,
64596,
68385,
85134,
31286,
54352,
47707,
82228,
44443,
38633,
72091,
72477,
65228,
31027,
81631,
47527,
79941,
73951,
78423,
80229,
59182,
49529,
89866,
84332,
70933,
67781,
71763,
68754,
32829,
81861,
57551,
89518,
66969,
54927,
28061,
56019,
51827,
44889,
59581,
58401,
87487,
42918,
26851,
31154,
25576,
37190,
57273,
79722,
34486,
52161,
83788,
26459,
54579,
71703,
44734,
83945,
66939,
44174,
55767,
64886,
58168,
24415,
23565,
75915,
51611,
47910,
80100,
72641,
25975,
50004,
67115,
20275,
64179,
41881,
63589,
87258,
40144,
43304,
85396,
52692,
24376,
65815,
57441,
25654,
58066,
37934,
77589,
31442,
26751,
85464,
28891,
88448,
41327,
45363,
40421,
39883,
56887,
80557,
37005,
41852,
68579,
86104,
80062,
55172,
57932,
42134,
90745,
83165,
86436,
72688,
35926,
34717,
67631,
77540,
67341,
83835,
46611,
86782,
33265,
49048,
62764,
20188,
45977,
70136,
84457,
55754,
33472,
40658,
26692,
27364,
78867,
40849,
85217,
52846,
20468,
20532,
36667,
49204,
33662,
40805,
42135,
90044,
83878,
68852,
26577,
76712,
45829,
26001,
76002,
45662,
54844,
91202,
60776,
90817,
68063,
40725,
30799,
21834,
54880,
49763,
56035,
70666,
36747,
91350,
47453,
91074,
20346,
80409,
83385,
67713,
32936,
72706,
84073,
36892,
91266,
63197,
23969,
27398,
74047,
65155,
79517,
46894,
43510,
68733,
31786,
67051,
70054,
59645,
37041,
39806,
47634,
76519,
60017,
36079,
68268,
56087,
77227,
42433,
52810,
63355,
29935,
47964,
36695,
39465,
40241,
25666,
61973,
75047,
80508,
68391,
23459,
68152,
23649,
21385,
51402,
65758,
35535,
30407,
91518,
35804,
47462,
72034,
87981,
63959,
38536,
58209,
22250,
28672,
22373,
83031,
55743,
66329,
50667,
46550,
65759,
24535,
67874,
61030,
21483,
55078,
50115,
70809,
89807,
39951,
58256,
34134,
73508,
50124,
31539,
33659,
61851,
61711,
79565,
24037,
85503,
33509,
63916,
68566,
58784,
89073,
75971,
41596,
87369,
72281,
65661,
37352,
67148,
71129,
61986,
65665,
59501,
61680,
63106,
79437,
68591,
37693,
68428,
21320,
21234,
58008,
70877,
71685,
91446,
62484,
70567,
58571,
61641,
34718,
42399,
57317,
40438,
55716,
39442,
56655,
90043,
64664,
64313,
79330,
60253,
56069,
32313,
87503,
23939,
54556,
83879,
82324,
77550,
23446,
60797,
68103,
74828,
30991,
35639,
43412,
51661,
30912,
88367,
25885,
34799,
59192,
47739,
52379,
22735,
43439,
48720,
58044,
87789,
80803,
20439,
65491,
39009,
69322,
31133,
88244,
76968,
47270,
73730,
90334,
56939,
64353,
54362,
40253,
59893,
43121,
43100,
67562,
28066,
77072,
49008,
66951,
38624,
56692,
84079,
43569,
80829,
36328,
76277,
25709,
45416,
32255,
28744,
71672,
45031,
59672,
63497,
69821,
75502,
84384,
60847,
54353,
57692,
55848,
39777,
40186,
44499,
74632,
57787,
41569,
21931,
66120,
48915,
43262,
53538,
91114,
55353,
35651,
68410,
69795,
90680,
28247,
47884,
76624,
80384,
64245,
61571,
45587,
21911,
59953,
49235,
79764,
69949,
54034,
37213,
23025,
44338,
82146,
74427,
78323,
79247,
22724,
23712,
68726,
59220,
80193,
65955,
64073,
34180,
46765,
22047,
72612,
40219,
54792,
23094,
85745,
79464,
58976,
80636,
83063,
86907,
59621,
74927,
23754,
42347,
26176,
77669,
90234,
54176,
81739,
29104,
89041,
26881,
63667,
45943,
79128,
61570,
20012,
75279,
89469,
28986,
68156,
78844,
40187,
58190,
43326,
44097,
52866,
56879,
81910,
53686,
73571,
35313,
51457,
38542,
80752,
50707,
85633,
67267,
38021,
42588,
28237,
75914,
73721,
63207,
83437,
39505,
46328,
60093,
54652,
56295,
50716,
86013,
67549,
87097,
70585,
21020,
70548,
46173,
50570,
84027,
44653,
37303,
62452,
28691,
27469,
72001,
51083,
70494,
50360,
27408,
90582,
84431,
89110,
36163,
26846,
68261,
57991,
55328,
33726,
69256,
34234,
86516,
63382,
23861,
51648,
78561,
83187,
91310,
87635,
60641,
25260,
68663,
91647,
74795,
41105,
71903,
81237,
56383,
82376,
71210,
22236,
50677,
40601,
49194,
80022,
83760,
48480,
32710,
37507,
58507,
83828,
65122,
74993,
35415,
30727,
33499,
26510,
25370,
90263,
47232,
37322,
49825,
81467,
31503,
53681,
78544,
20906,
27447,
85551,
29064,
58277,
47550,
45285,
36047,
20276,
61796,
76840,
45831,
27135,
52832,
62089,
46250,
89404,
56649,
44122,
34512,
39600,
52603,
79839,
89960,
31102,
49053,
53335,
69328,
72855,
60030,
45867,
59656,
85211,
66882,
42319,
41898,
45795,
44984,
20058,
55517,
52392,
33389,
84188,
34131,
47434,
50714,
63155,
54905,
59664,
84486,
31895,
45835,
85753,
44143,
25488,
24286,
56904,
20883,
42612,
63539,
20110,
41169,
60343,
76160,
34044,
79428,
55498,
55368,
63629,
78033,
84390,
80849,
26732,
87827,
90733,
87538,
50850,
45864,
31278,
80144,
48442,
53588,
21177,
89770,
37945,
38273,
65946,
75988,
88528,
34347,
72349,
38019,
35207,
38358,
32804,
41672,
83661,
53433,
64715,
68401,
90928,
73924,
81346,
80746,
26167,
20174,
57984,
45281,
65076,
62108,
74851,
43684,
81822,
80071,
75784,
33543,
48284,
75716,
29823,
67676,
89673,
51434,
38350,
20183,
88836,
57649,
29826,
32901,
44393,
89498,
88724,
27778,
67594,
63924,
42505,
51480,
35840,
49140,
40524,
35190,
42519,
65712,
67893,
72395,
23053,
48012,
63682,
40565,
80830,
65373,
27065,
25906,
87295,
25201,
44876,
33606,
82825,
50989,
68185,
89022,
33155,
37667,
36198,
81648,
20091,
85839,
45698,
72882,
79688,
81897,
60097,
47568,
39241,
60275,
43921,
67264,
67942,
54479,
46137,
76534,
48136,
43195,
33631,
40021,
30728,
85122,
36096,
90235,
68767,
89368,
72167,
63522,
54935,
72909,
46810,
86460,
52490,
56773,
88563,
30843,
44059,
41368,
70068,
23198,
48317,
87379,
88024,
57444,
78249,
51905,
25880,
63774,
25868,
58987,
75980,
66156,
22686,
47816,
74990,
47513,
88665,
28142,
56562,
64147,
53003,
74008,
78023,
41794,
30797,
57723,
22824,
77971,
31881,
85230,
49005,
65323,
78447,
57416,
52770,
48423,
21830,
66248,
31479,
36020,
56134,
66454,
31486,
53667,
73864,
47299,
45875,
27280,
61721,
49493,
86157,
31433,
48865,
88052,
61599,
64016,
66468,
50746,
79978,
61148,
51227,
46190,
33698,
27734,
28764,
32231,
88066,
69068,
71987,
36114,
24844,
28436,
43955,
20936,
74310,
52776,
34735,
48097,
76663,
83656,
73419,
54821,
69898,
79063,
28044,
30330,
40689,
61607,
80782,
20171,
48497,
85095,
56140,
20477,
73653,
74114,
33927,
86155,
52240,
46164,
90450,
83271,
35604,
57773,
64548,
27917,
41011,
39635,
59569,
88640,
87210,
36816,
36690,
72677,
59529,
69565,
77034,
67472,
86643,
58335,
82446,
72108,
48487,
84796,
32272,
21583,
79140,
45826,
39392,
54357,
57594,
85106,
66405,
45433,
28169,
46526,
23097,
65352,
73491,
31791,
29660,
25607,
72205,
27037,
27955,
26740,
60576,
73984,
71677,
33249,
65315,
64421,
52625,
87058,
66448,
78664,
25271,
32922,
76046,
54614,
79435,
58764,
73515,
53259,
46762,
66996,
37919,
67037,
89624,
23805,
70163,
21272,
68203,
57251,
44483,
52127,
60597,
45392,
29913,
68744,
29003,
24829,
69716,
62784,
89556,
58033,
87345,
29690,
74228,
71691,
77440,
58732,
51105,
81769,
39665,
71135,
46095,
76759,
89416,
47050,
70129,
39824,
84582,
49994,
73422,
41053,
38088,
66524,
59949,
68770,
82593,
55422,
39013,
68418,
52211,
61622,
79196,
57874,
71124,
81989,
64718,
78400,
83705,
58863,
57279,
81127,
68707,
63065,
49344,
53315,
33478,
41820,
55086,
64977,
59410,
77667,
88864,
57669,
80988,
31063,
61536,
84843,
57806,
45351,
77864,
87857,
43866,
81595,
33805,
26037,
79350,
65924,
37846,
40372,
66162,
54251,
27211,
69970,
54988,
45290,
22072,
89535,
76250,
86162,
66580,
81840,
57414,
81179,
49650,
51266,
77879,
31316,
42996,
24564,
66704,
29038,
24219,
24723,
50905,
64719,
61474,
43982,
85817,
56717,
44016,
79569,
88264,
21800,
83724,
87594,
82974,
68425,
28595,
74186,
82704,
32156,
59787,
23532,
84933,
53111,
87059,
84042,
60961,
67205,
28294,
85311,
23464,
76590,
49013,
31158,
30085,
69121,
86378,
83192,
69819,
44993,
81375,
36600,
48690,
85091,
24147,
77797,
64238,
70453,
76614,
34374,
29665,
74112,
83006,
22376,
61940,
81100,
78932,
58776,
59553,
36707,
81721,
51248,
82525,
26896,
34835,
66081,
41903,
64979,
81408,
87621,
70615,
27431,
23966,
48311,
69052,
70016,
61569,
71489,
66197,
63972,
46726,
37688,
51740,
30784,
77144,
73713,
63665,
28756,
35635,
33267,
64853,
53918,
57853,
30946,
44286,
54295,
85767,
79973,
26294,
85148,
70884,
57312,
71291,
89891,
80336,
74258,
41574,
42632,
20201,
67649,
51450,
48532,
27679,
31574,
48260,
30375,
79515,
61676,
70929,
32744,
63262,
60728,
61562,
27516,
42314,
22598,
32403,
41168,
85946,
31692,
73234,
51155,
31959,
32903,
38154,
37069,
32252,
85383,
53079,
72113,
38868,
50366,
60076,
76036,
35663,
26995,
52409,
45733,
35616,
61308,
68915,
32002,
74107,
82300,
52091,
28367,
76604,
87721,
84236,
74048,
34377,
27365,
84318,
20051,
41083,
82735,
42669,
55925,
63679,
75395,
27840,
63124,
76379,
64103,
50966,
53854,
73950,
41619,
44682,
24994,
76053,
64598,
83843,
27635,
87675,
81789,
84704,
89516,
52752,
73723,
37756,
67336,
73625,
46083,
83510,
71444,
82451,
40226,
31694,
59193,
57313,
41598,
52283,
64788,
50435,
48475,
91623,
75675,
74239,
29040,
87684,
86103,
56877,
23878,
44453,
65958,
57591,
24997,
22510,
51190,
57605,
83213,
44340,
85353,
41271,
58768,
70094,
75772,
78062,
28947,
57572,
69183,
79042,
46880,
60085,
62617,
44822,
83398,
21906,
40575,
69697,
83252,
83227,
63568,
29959,
69324,
38269,
75457,
33039,
21780,
29606,
73996,
22990,
89406,
55370,
39773,
59839,
27128,
52812,
85138,
55307,
81277,
46632,
43841,
88817,
46994,
56711,
33297,
34091,
52235,
88538,
59775,
86312,
91229,
86765,
80376,
30353,
61507,
52756,
44041,
45029,
88701,
52612,
66363,
42066,
48555,
68126,
56007,
83547,
33836,
79916,
62139,
35731,
71081,
26184,
81508,
71745,
23165,
73010,
52657,
26188,
31879,
32034,
46680,
27077,
50287,
26871,
78904,
35914,
20353,
40303,
22996,
49518,
81065,
52406,
80032,
80441,
39501,
61970,
20926,
61561,
40361,
27471,
65261,
46693,
50542,
78717,
20703,
70524,
77580,
21167,
58623,
43284,
63385,
52962,
37246,
22733,
39216,
41161,
65950,
27935,
25029,
21136,
33730,
91111,
61716,
48766,
73783,
67499,
42744,
88530,
58677,
34107,
37891,
22128,
45257,
67270,
49837,
74192,
81958,
74457,
24488,
74167,
35911,
29373,
88175,
68216,
29931,
41587,
68739,
33368,
83493,
51697,
40597,
57398,
39624,
67693,
75819,
62157,
59055,
62168,
34093,
58317,
66516,
77636,
88932,
53682,
87928,
50934,
58576,
59596,
85726,
51396,
80358,
39152,
55912,
27662,
67850,
87306,
40638,
43737,
61528,
28520,
45523,
72880,
65106,
53572,
86402,
47151,
75604,
82486,
37985,
39408,
53418,
42353,
74939,
65453,
31916,
87041,
80599,
39244,
84192,
84287,
36301,
20126,
26303,
88500,
80679,
79478,
22232,
78860,
35215,
73521,
83442,
90040,
41719,
74464,
69066,
34902,
31757,
75252,
66211,
57072,
38829,
63506,
47792,
72598,
53599,
43317,
36273,
28185,
56607,
81994,
57368,
26240,
63306,
38685,
37408,
58845,
73670,
79884,
75431,
77243,
64340,
75469,
89148,
91157,
51160,
43307,
84938,
42652,
49228,
37855,
60382,
25466,
28227,
72143,
60287,
55070,
59002,
61098,
40669,
75875,
70859,
82994,
70715,
56922,
46290,
67685,
78772,
39632,
66563,
48701,
37743,
72826,
79866,
24279,
41160,
40135,
35206,
42749,
60403,
88125,
39402,
24683,
20638,
35901,
69477,
36656,
85901,
32145,
72135,
58247,
65490,
51387,
25467,
27169,
34179,
74150,
39659,
31141,
80980,
86318,
53321,
84550,
40531,
49514,
83369,
50519,
61358,
20651,
53093,
29794,
28431,
58842,
79506,
81410,
68614,
63931,
30971,
86932,
50848,
71223,
57106,
85552,
67424,
47467,
45500,
61375,
76512,
79425,
46832,
91631,
89730,
23388,
47339,
58029,
57645,
74675,
81134,
70473,
42604,
84976,
25333,
46535,
77276,
62940,
55028,
22912,
83279,
64796,
70561,
55930,
75512,
91082,
81325,
89748,
81964,
89390,
49706,
51251,
33610,
20009,
49404,
86957,
78771,
77727,
83026,
36851,
80077,
85575,
52792,
76919,
47104,
50581,
76067,
25301,
45168,
45294,
30660,
29151,
85971,
72857,
74405,
54542,
70053,
85688,
55220,
79616,
85805,
42366,
66221,
50507,
44550,
51676,
74543,
80233,
39268,
53440,
78882,
81632,
90659,
72993,
50505,
48630,
37543,
28714,
54950,
25801,
54797,
45746,
54510,
30319,
42389,
25414,
86261,
59475,
78520,
57146,
56557,
42129,
26976,
75965,
58474,
89353,
75359,
35919,
75288,
60563,
82770,
22980,
64109,
67506,
31706,
46988,
86001,
64804,
44614,
81603,
42553,
62450,
25440,
55612,
50110,
52807,
50501,
49820,
54065,
21763,
31290,
55458,
66391,
91568,
65678,
28166,
33079,
55506,
27698,
39963,
22771,
58464,
75782,
52750,
42803,
50638,
68422,
26974,
48041,
45314,
69173,
41659,
52293,
40490,
50280,
56656,
48484,
89175,
20073,
32047,
68447,
20476,
53323,
35216,
55695,
64126,
68971,
84859,
39394,
61007,
70673,
41426,
83176,
52992,
33814,
51589,
31322,
54942,
44319,
65605,
48715,
69777,
78873,
24557,
87497,
64928,
80023,
80307,
79179,
40508,
71305,
43915,
68923,
65719,
51335,
61815,
69454,
85980,
79898,
89784,
32618,
56997,
55882,
69082,
22719,
68561,
78696,
31668,
82869,
21613,
52717,
21980,
69540,
82257,
80978,
71317,
42274,
58477,
40624,
74895,
80058,
56883,
69141,
59495,
58992,
61613,
47786,
51327,
38036,
83332,
33117,
43367,
53689,
50914,
31581,
59321,
23283,
42838,
36788,
82292,
67478,
31429,
69176,
24639,
90902,
47948,
43891,
38985,
58172,
71401,
61637,
82139,
38390,
75977,
36393,
76804,
58218,
45621,
37799,
36533,
73823,
40993,
81306,
84854,
86244,
72494,
76600,
57477,
68073,
54032,
46551,
66240,
43620,
86875,
88631,
58814,
46954,
22381,
91674,
71108,
70748,
30948,
65288,
75253,
28897,
87769,
47960,
75635,
51307,
59726,
47718,
86563,
44998,
43768,
30204,
25447,
67357,
42759,
81284,
52325,
60040,
31978,
75715,
55899,
86890,
71924,
76085,
74425,
56233,
57084,
68300,
62918,
63133,
74923,
89809,
41524,
88749,
89287,
38000,
34360,
48013,
85219,
70610,
44931,
25591,
85064,
44228,
72921,
85400,
45302,
33939,
26383,
83907,
52633,
62186,
24176,
63726,
68404,
77529,
89785,
64304,
88535,
30874,
70922,
53276,
88224,
73087,
45171,
88578,
57081,
58643,
63956,
22190,
27849,
42837,
26726,
91323,
48773,
90523,
46582,
56920,
20656,
42110,
62675,
24647,
71831,
83459,
70378,
77457,
41066,
61785,
25432,
76495,
78363,
52915,
52882,
45642,
43275,
82245,
42562,
61467,
91257,
37474,
65928,
59562,
24604,
59578,
28424,
23424,
68155,
42377,
27694,
34177,
24669,
24143,
28401,
86086,
21124,
70854,
71153,
91404,
90201,
73651,
50054,
21019,
24474,
44278,
25411,
34594,
66285,
55201,
70432,
60809,
74316,
28148,
88965,
87636,
57946,
83402,
39099,
61950,
58249,
77468,
91279,
35151,
69607,
31949,
81338,
70734,
43852,
88551,
29681,
30917,
80123,
27796,
71597,
85719,
76020,
90028,
84345,
48788,
47249,
85057,
65843,
28451,
33067,
73102,
33975,
90293,
61656,
37512,
44067,
54209,
85794,
43264,
45410,
31329,
79717,
79432,
36806,
60712,
36359,
91319,
31573,
34303,
58506,
46027,
72010,
80639,
52842,
44647,
89252,
90677,
57819,
54478,
63533,
83762,
26140,
54437,
57411,
22935,
29615,
40859,
57023,
22112,
81220,
52904,
86302,
80535,
60164,
28981,
90628,
56204,
43717,
37131,
22717,
73658,
70076,
59845,
51156,
61915,
74907,
57345,
69340,
54781,
49611,
86530,
52658,
58760,
83515,
22625,
81219,
25450,
44892,
27005,
58687,
57809,
70554,
58505,
30217,
87148,
28927,
56479,
46562,
83181,
41140,
70278,
55821,
79562,
53332,
76817,
84505,
88177,
57050,
24302,
65720,
20882,
60787,
86024,
71769,
40172,
76008,
30642,
75851,
37827,
26669,
31440,
34203,
32536,
50791,
29569,
39957,
72145,
25489,
41725,
58021,
45055,
69842,
23518,
42712,
69161,
61011,
85273,
44513,
50764,
61369,
21073,
34230,
29536,
71718,
29731,
20205,
27558,
63557,
47716,
24260,
53117,
64117,
59154,
22168,
50847,
33562,
67599,
88018,
86055,
22834,
77963,
77778,
56995,
67622,
69392,
33070,
56882,
61009,
41090,
54757,
78111,
72910,
62776,
35563,
20570,
21646,
55272,
90150,
70479,
87406,
54455,
87184,
73796,
74245,
29458,
25617,
81993,
43250,
31404,
24821,
64704,
63435,
36499,
75658,
85071,
76288,
24729,
22984,
24052,
72773,
66869,
62927,
63494,
29403,
45122,
63390,
28130,
78950,
37555,
86739,
61359,
38629,
62846,
47775,
88281,
46497,
50697,
38793,
40285,
34969,
31975,
50626,
83087,
45731,
28114,
84603,
45623,
85334,
23071,
86814,
66428,
91609,
62467,
35722,
76246,
55016,
81707,
22713,
56308,
54765,
86618,
61218,
28212,
69389,
27328,
61990,
73654,
39460,
58852,
61241,
70591,
74836,
35729,
28872,
35107,
34208,
51671,
23196,
21415,
46657,
83211,
75522,
